isin,symbol,name
IN9175A01010,JISLDVREQS,Jain Irrigation Systems Limited
IN9623B01058,FELDVR,Future Enterprises Limited
INE001B01026,KRBL,KRBL Limited
INE001E01012,PREMCO,Premco Global Limited
INE002A01018,RELIANCE,Reliance Industries Limited
INE002L01015,SJVN,SJVN Limited
INE002S01010,MGL,Mahanagar Gas Limited
INE003A01024,SIEMENS,Siemens Limited
INE004A01022,PROTEAN,Protean eGov Technologies Limited
INE005B01027,AVANTEL,Avantel Limited
INE005C01017,RTSPOWR,RTS Power Corporation Limited
INE005I01014,AMDIND,AMD Industries Limited
INE006I01046,ASTRAL,Astral Limited
INE006Z01016,ARVEE,Arvee Laboratories (India) Limited
INE007A01025,CRISIL,Crisil Limited
INE007B01023,GEOJITFSL,Geojit Financial Services Limited
INE007N01010,FEDFINA,Fedbank Financial Services Limited
INE008A01015,IDBI,IDBI Bank Limited
INE009A01021,INFY,Infosys Limited
INE009C01019,SRIKPRIND,Sri KPR Industries Limited
INE00CA01015,TREJHARA,TREJHARA SOLUTIONS LIMITED
INE00CE01017,SVLL,Shree Vasu Logistics Limited
INE00E101023,BIKAJI,Bikaji Foods International Limited
INE00EM01016,MEGASTAR,Megastar Foods Limited
INE00EV01017,HARIOMPIPE,Hariom Pipe Industries Limited
INE00F201020,PRUDENT,Prudent Corporate Advisory Services Limited
INE00FF01025,ACUTAAS,Acutaas Chemicals Limited
INE00GO01025,LEAPIND,LEAP India Limited
INE00H001014,SWIGGY,Swiggy Limited
INE00HZ01011,BNAGROCHEM,BN Agrochem Limited
INE00IK01029,OSWALSEEDS,ShreeOswal Seeds And Chemicals Limited
INE00IN01015,STOVEKRAFT,Stove Kraft Limited
INE00IT01020,MILKYMIST,Milky Mist Dairy Food Limited
INE00IY01012,DEEP,Deep Polymers Limited
INE00KV01022,RAJMET,Rajnandini Metal Limited
INE00LM01029,SONAMLTD,SONAM LIMITED
INE00LO01017,CRAFTSMAN,Craftsman Automation Limited
INE00M201021,SWSOLAR,Sterling and Wilson Renewable Energy Limited
INE00M901018,INTERARCH,Interarch Building Solutions Limited
INE00OQ01016,DHARMAJ,Dharmaj Crop Guard Limited
INE00PV01013,AHLADA,Ahlada Engineers Limited
INE00Q601028,STUDDS,Studds Accessories Limited
INE00QT01015,SGIL,Synergy Green Industries Limited
INE00R701025,DALBHARAT,Dalmia Bharat Limited
INE00RL01028,HILINFRA,Highway Infrastructure Limited
INE00S901012,NILASPACES,Nila Spaces Limited
INE00SW01015,BCPL,BCPL Railway Infrastructure Limited
INE00U401027,UNIECOM,Unicommerce Esolutions Limited
INE00U801010,PARIN,Parin Enterprises Limited
INE00VM01036,MANORAMA,Manorama Industries Limited
INE00WC01027,AFFLE,Affle 3i Limited
INE00WV01027,CMRGREEN,CMR Green Technologies Limited
INE00XB01019,SEDEMAC,SEDEMAC Mechatronics Limited
INE00Y201027,FLAIR,Flair Writing Industries Limited
INE00Y801016,AKG,Akg Exim Limited
INE00YB01025,ABINFRA,A B Infrabuild Limited
INE00YJ01010,JARO,Jaro Institute of Technology Management and Research Limited
INE00Z501029,KRITIKA,Kritika Wires Limited
INE00ZE01026,AFSL,Abans Financial Services Limited
INE010601016,ENTERO,Entero Healthcare Solutions Limited
INE010A01011,PRSMJOHNSN,Prism Johnson Limited
INE010B01027,ZYDUSLIFE,Zydus Lifesciences Limited
INE010C01025,SWISSMLTRY,Swiss Military Consumer Goods Limited
INE010J01012,TEJASNET,Tejas Networks Limited
INE010V01017,LTTS,L&T Technology Services Limited
INE011D01013,SHERVANI,Shervani Industrial Syndicate Limited
INE011E01029,BALUFORGE,Balu Forge Industries Limited
INE011K01018,TEGA,Tega Industries Limited
INE012A01025,ACC,ACC Limited
INE012G01022,HEROMOTORS,Hero Motors Limited
INE012Q01039,RNBDENIMS,R&B Denims Limited
INE013801027,KSHITIJPOL,Kshitij Polyline Limited
INE013P01021,ONESOURCE,Onesource Specialty Pharma Limited
INE014B01011,TECILCHEM,TECIL Chemicals and Hydro Power Limited
INE015C01016,TINNARUBR,Tinna Rubber and Infrastructure Limited
INE015D01022,MANAKSIA,Manaksia Limited
INE016A01026,DABUR,Dabur India Limited
INE016M01021,DNAMEDIA,Diligent Media Corporation Limited
INE016Q01014,CEINSYS,Ceinsys Tech Limited
INE017A01032,GESHIP,The Great Eastern Shipping Company Limited
INE017W01010,SMLT,Sarthak Metals Limited
INE018401013,SUVIDHAA,Suvidhaa Infoserve Limited
INE018A01030,LT,Larsen & Toubro Limited
INE018E01016,SBICARD,SBI Cards and Payment Services Limited
INE019A01038,JSWSTEEL,JSW Steel Limited
INE019C01026,HSCL,Himadri Speciality Chemical Limited
INE019J01013,HEALTHX,Health X Platform Limited
INE01A001028,STANLEY,Stanley Lifestyles Limited
INE01BK01022,AWHCL,Antony Waste Handling Cell Limited
INE01C001026,AARTECH,Aartech Solonics Limited
INE01EA01019,VMM,Vishal Mega Mart Limited
INE01EE01011,BBTCL,B&B Triplewall Containers Limited
INE01EG01016,RITCO,Ritco Logistics Limited
INE01EO01010,SPECTRUM,Spectrum Electrical Industries Limited
INE01FR01028,STYLEBAAZA,Baazar Style Retail Limited
INE01GN01025,IRISDOREME,Iris Clothings Limited
INE01II01013,SILGO,Silgo Retail Limited
INE01IU01018,SKYGOLD,SKY GOLD AND DIAMONDS LIMITED
INE01JE01028,MARINE,Marine Electricals (India) Limited
INE01KI01027,VINNY,Vinny Overseas Limited
INE01NE01012,SRD,Shankar Lal Rampal Dye-Chem Limited
INE01NH01023,DHOOTTRANS,Dhoot Transmission Limited
INE01P501012,XELPMOC,Xelpmoc Design And Tech Limited
INE01QM01018,EMUDHRA,eMudhra Limited
INE01R501028,VIKRAN,Vikran Engineering Limited
INE01TY01017,CANHLIFE,Canara HSBC Life Insurance Company Limited
INE020801028,SPENCERS,Spencer's Retail Limited
INE020B01018,RECLTD,REC Limited
INE020D01022,BAIDFIN,Baid Finserv Limited
INE020G01017,INSPIRISYS,Inspirisys Solutions Limited
INE020J01029,GOKUL,Gokul Refoils and Solvent Limited
INE021A01026,ASIANPAINT,Asian Paints Limited
INE021O01019,DODLA,Dodla Dairy Limited
INE022C01012,EUROTEXIND,Eurotex Industries and Exports Limited
INE022I01019,ASIANTILES,Asian Granito India Limited
INE022Q01020,IEX,Indian Energy Exchange Limited
INE023A01030,NSIL,Nalwa Sons Investments Limited
INE023H01027,NECLIFE,Nectar Lifesciences Limited
INE023M01027,SETUINFRA,Setubandhan Infrastructure Limited
INE024001021,AEROFLEX,Aeroflex Industries Limited
INE024D01016,PRUDMOULI,Prudential Sugar Corporation Limited
INE024F01011,SHILCTECH,Shilchar Technologies Limited
INE024L01027,GRAVITA,Gravita India Limited
INE025A01027,CONSOFINVT,Consolidated Finvest & Holdings Limited
INE025B01025,GOLDIAM,Goldiam International Limited
INE025R01021,ARTEMISMED,Artemis Medicare Services Limited
INE026A01025,GSFC,Gujarat State Fertilizers & Chemicals Limited
INE026D01011,LOTUSCHO,Lotus Chocolate Company Limited
INE027A01015,RCF,Rashtriya Chemicals and Fertilizers Limited
INE027H01010,MAXHEALTH,Max Healthcare Institute Limited
INE027T01023,RUDRA,Rudra Global Infra Products Limited
INE028A01039,BANKBARODA,Bank of Baroda
INE029A01011,BPCL,Bharat Petroleum Corporation Limited
INE029L01018,KICL,Kalyani Investment Company Limited
INE02A801020,ROSSARI,Rossari Biotech Limited
INE02AR01019,ANMOL,Anmol India Limited
INE02EZ01022,AXITA,Axita Cotton Limited
INE02H701025,NOVAAGRI,Nova Agritech Limited
INE02ID01020,RAYMONDLSL,Raymond Lifestyle Limited
INE02IJ01035,AZAD,Azad Engineering Limited
INE02L001032,BOROSCI,Borosil Scientific Limited
INE02NC01014,FINOPB,Fino Payments Bank Limited
INE02PY01013,BOROLTD,Borosil Limited
INE02RE01045,FIRSTCRY,Brainbees Solutions Limited
INE02WG01024,WEL,Wonder Electricals Limited
INE02YR01019,EMIL,Electronics Mart India Limited
INE02ZQ01018,CORONA,CORONA Remedies Limited
INE030A01027,HINDUNILVR,Hindustan Unilever Limited
INE030C01015,ANSALBU,Ansal Buildwell Limited
INE031A01017,HUDCO,Housing & Urban Development Corporation Limited
INE031B01049,AJANTPHARM,Ajanta Pharma Limited
INE031G01022,OPTIFIN,Optimus Finance Limited
INE032A01023,BOMDYEING,Bombay Dyeing & Mfg Company Limited
INE032B01021,PRIMESECU,Prime Securities Limited
INE032E01017,ARYAMAN,Aryaman Financial Services Limited
INE032Z01020,BSHSL,Bombay Super Hybrid Seeds Limited
INE033B01011,QUINTEGRA,Quintegra Solutions Limited
INE034A01011,ARVIND,Arvind Limited
INE034D01049,PTL,PTL Enterprises Limited
INE034S01021,ARVSMART,Arvind SmartSpaces Limited
INE035801013,AERONEU,Aeroflex Neu Limited
INE035D01020,SOTL,Savita Oil Technologies Limited
INE035S01028,POEL,POCL Enterprises Limited
INE036A01016,RELINFRA,Reliance Infrastructure Limited
INE036B01030,GAEL,Gujarat Ambuja Exports Limited
INE036D01028,KARURVYSYA,Karur Vysya Bank Limited
INE037A01022,UNIENTER,Uniphos Enterprises Limited
INE037B01020,SHARDUL,Shardul Securities Limited
INE037Z01029,CEWATER,Concord Enviro Systems Limited
INE038A01020,HINDALCO,Hindalco Industries Limited
INE038F01029,TVTODAY,TV Today Network Limited
INE039A01010,IFCI,IFCI Limited
INE039B01026,CINEVISTA,Cinevista Limited
INE039C01032,JAMNAAUTO,Jamna Auto Industries Limited
INE039O01029,JASH,Jash Engineering Limited
INE03CC01015,JUBLCPL,Jubilant Agri and Consumer Products Limited
INE03DD01011,RETAIL,JHS Svendgaard Retail Ventures Limited
INE03EI01018,MAXESTATES,Max Estates Limited
INE03HW01020,VLEGOV,VL E-Governance & IT Solutions Limited
INE03JI01017,DGCONTENT,Digicontent Limited
INE03JT01014,GODIGIT,Go Digit General Insurance Limited
INE03NU01014,BRIGHOTEL,Brigade Hotel Ventures Limited
INE03Q201024,ALIVUS,Alivus Life Sciences Limited
INE03QK01018,COHANCE,Cohance Lifesciences Limited
INE03RS01027,DRCSYSTEMS,DRC Systems India Limited
INE03V001013,UNIVPHOTO,Universus Photo Imagings Limited
INE03YM01018,CHEMCON,Chemcon Speciality Chemicals Limited
INE040A01034,HDFCBANK,HDFC Bank Limited
INE040D01038,MAYURUNIQ,Mayur Uniquoters Ltd
INE040H01021,SUZLON,Suzlon Energy Limited
INE040M01013,TREEHOUSE,Tree House Education & Accessories Limited
INE041A01016,DHAMPURSUG,Dhampur Sugar Mills Limited
INE042A01014,ESCORTS,Escorts Kubota Limited
INE043A01012,GTL,GTL Limited
INE043C01018,IVP,IVP Limited
INE043W01024,VIJAYA,Vijaya Diagnostic Centre Limited
INE044A01036,SUNPHARMA,Sun Pharmaceutical Industries Limited
INE045601023,PARAS,Paras Defence and Space Technologies Limited
INE045A01017,ADOR,Ador Welding Limited
INE045B01015,NELCO,NELCO Limited
INE045J01034,FCL,Fineotex Chemical Limited
INE046A01015,RIIL,Reliance Industrial Infrastructure Limited
INE046W01019,MUTHOOTMF,Muthoot Microfin Limited
INE047A01021,GRASIM,Grasim Industries Limited
INE047B01011,GILLANDERS,Gillanders Arbuthnot & Company Limited
INE047O01014,NIBL,NRB Industrial Bearings Limited
INE048B01035,JAGSNPHARM,Jagsonpal Pharmaceuticals Limited
INE048C01025,VHLTD,Viceroy Hotels Limited
INE048G01026,NAVINFLUOR,Navin Fluorine International Limited
INE049A01027,HIMATSEIDE,Himatsingka Seide Limited
INE049B01025,WOCKPHARMA,Wockhardt Limited
INE049I01012,NAHARCAP,Nahar Capital and Financial Services Limited
INE04AK01028,SBC,SBC Exports Limited
INE04I401011,KPITTECH,KPIT Technologies Limited
INE04LG01015,PAR,Par Drugs And Chemicals Limited
INE04TZ01018,ETHOSLTD,Ethos Limited
INE04VU01023,STYL,Seshaasai Technologies Limited
INE050001010,PPL,Prakash Pipes Limited
INE050401020,ELIN,Elin Electronics Limited
INE050A01025,BBTC,The Bombay Burmah Trading Corporation Limited
INE050B01023,IVC,IL&FS Investment Managers Limited
INE050E01027,BALAMINES,Balaji Amines Limited
INE050H01012,RML,Rane (Madras) Limited
INE050M01012,VSSL,Vardhman Special Steels Limited
INE051B01021,VAKRANGEE,Vakrangee Limited
INE052A01021,WINDMACHIN,Windsor Machines Limited
INE052I01032,CAMLINFINE,Camlin Fine Sciences Limited
INE052T01021,BESTAGRO,Best Agrolife Limited
INE053A01029,INDHOTEL,The Indian Hotels Company Limited
INE053F01010,IRFC,Indian Railway Finance Corporation Limited
INE054301028,ODIGMA,Odigma Consultancy Solutions Limited
INE054A01027,VIPIND,VIP Industries Limited
INE054C01015,WATERBASE,Waterbase Limited
INE055A01016,ABREL,Aditya Birla Real Estate Limited
INE055C01020,KEEPLEARN,DSJ Keep Learning Limited
INE055S01018,CYIENTDLM,Cyient DLM Limited
INE056801025,IVALUE,Ivalue Infosolutions Limited
INE056I01025,REFEX,Refex Industries Limited
INE058A01010,SANOFI,Sanofi India Limited
INE058B01018,ZENITHEXPO,Zenith Exports Limited
INE058F01019,ALUFLUOR,Alufluoride Limited
INE059A01026,CIPLA,Cipla Limited
INE059B01024,SIMPLEXINF,Simplex Infrastructures Limited
INE059D01020,LAOPALA,La Opala RG Limited
INE05AN01011,HINDWAREAP,Hindware Home Innovation Limited
INE05C901015,JNPR,Juniper Green Energy Limited
INE05CZ01011,RATNAVEER,Ratnaveer Precision Engineering Limited
INE05HV01027,CMPDI,Central Mine Planning & Design Institute Limited
INE05J901018,IGCL,Indogulf Cropsciences Limited
INE05ST01028,SBGLP,Suratwwala Business Group Limited
INE05TO01019,AEROPLANE,Amir Chand Jagdish Kumar (Exports) Limited
INE05X901010,HPIL,Hindprakash Industries Limited
INE05XR01022,BHARATCOAL,Bharat Coking Coal Limited
INE060901027,LIKHITHA,Likhitha Infrastructure Limited
INE060A01024,NAVNETEDUL,Navneet Education Limited
INE060B01014,KHANDSE,Khandwala Securities Limited
INE060J01017,FLEXITUFF,Flexituff Ventures International Limited
INE060X01034,DEVIT,Dev Information Technology Limited
INE061A01014,INDIANCARD,Indian Card Clothing Company Limited
INE061F01013,FORTIS,Fortis Healthcare Limited
INE062A01020,SBIN,State Bank of India
INE062D01024,ALICON,Alicon Castalloy Limited
INE063E01061,POCL,Pondy Oxides & Chemicals Limited
INE063P01018,EQUITASBNK,Equitas Small Finance Bank Limited
INE064A01026,TIMEX,Timex Group India Limited
INE064C01022,TRIDENT,Trident Limited
INE065D01027,AEROENTER,Aeroflex Enterprises Limited
INE065J01024,TPHQ,Teamo Productions HQ Limited
INE065X01017,INDGN,Indegene Limited
INE066A01021,EICHERMOT,Eicher Motors Limited
INE066F01020,HAL,Hindustan Aeronautics Limited
INE066O01014,WONDERLA,Wonderla Holidays Limited
INE066P01011,INOXWIND,Inox Wind Limited
INE067A01029,CGPOWER,CG Power and Industrial Solutions Limited
INE068B01017,SEKURITIND,Saint Gobain Sekurit India Limited
INE068L01024,CANTABIL,Cantabil Retail India Limited
INE068V01023,GLAND,Gland Pharma Limited
INE069I01010,EMBDL,Embassy Developments Limited
INE06H201014,GENSOL,Gensol Engineering Limited
INE06HJ01020,ECOSMOBLTY,Ecos (India) Mobility & Hospitality Limited
INE06IR01021,OSIAHYPER,Osia Hyper Retail Limited
INE06ST01018,INDIQUBE,Indiqube Spaces Limited
INE06WU01026,LAXMIINDIA,Laxmi India Finance Limited
INE06XZ01023,GEMAROMA,Gem Aromatics Limited
INE06ZD01017,SHANTIGOLD,Shanti Gold International Limited
INE070A01015,SHREECEM,SHREE CEMENT LIMITED
INE070C01037,COMPINFO,Compuage Infocom Limited
INE070D01027,JAICORPLTD,Jai Corp Limited
INE070I01018,INSECTICID,Insecticides (India) Limited
INE071A01013,BILVYAPAR,BIL VYAPAR LIMITED
INE071D01033,MENONBE,Menon Bearings Limited
INE071E01023,UGARSUGAR,The Ugar Sugar Works Limited
INE071F01012,APCL,Anjani Portland Cement Limited
INE071N01016,EPIGRAL,Epigral Limited
INE073D01013,SUNDRMBRAK,Sundaram Brake Linings Limited
INE073G01016,ASALCBR,Associated Alcohols & Breweries Ltd.
INE073K01018,SONACOMS,Sona BLW Precision Forgings Limited
INE073V01015,COMSYN,Commercial Syn Bags Limited
INE074A01025,PRAJIND,Praj Industries Limited
INE074B01023,PARACABLES,Paramount Communications Limited
INE074C01013,HINDADH,Hindustan Adhesives Limited
INE075A01022,WIPRO,Wipro Limited
INE075B01020,SICALLOG,Sical Logistics Limited
INE075D01018,GMBREW,GM Breweries Limited
INE075I01017,HCG,Healthcare Global Enterprises Limited
INE076B01028,SIYSIL,Siyaram Silk Mills Limited
INE076C01018,IFBAGRO,IFB Agro Industries Limited
INE077F01035,GOCLCORP,GOCL Corporation Limited
INE077P01034,THACKER,Thacker & Company Limited
INE078V01014,VIKRAMSOLR,Vikram Solar Limited
INE079A01024,AMBUJACEM,Ambuja Cements Limited
INE079J01017,GATEWAY,Gateway Distriparks Limited
INE07K301024,ZAGGLE,Zaggle Prepaid Ocean Services Limited
INE07O001026,EASEMYTRIP,Easy Trip Planners Limited
INE07OG01012,NDRAUTO,Ndr Auto Components Limited
INE07RO01027,SUPRIYA,Supriya Lifescience Limited
INE07S101038,PAVNAIND,Pavna Industries Limited
INE07T201019,RBA,Restaurant Brands Asia Limited
INE07U701015,IRMENERGY,IRM Energy Limited
INE07Y701011,POWERINDIA,Hitachi Energy India Limited
INE080A01014,WEIZMANIND,Weizmann Limited
INE080B01012,KOHINOOR,Kohinoor Foods Limited
INE080I01025,LLOYDSENT,Lloyds Enterprises Limited
INE081A01020,TATASTEEL,Tata Steel Limited
INE081G01019,KANCHI,Kanchi Karpooram Limited
INE082A01010,KOPRAN,Kopran Limited
INE082W01014,WEWIN,WE WIN LIMITED
INE083A01026,MOREPENLAB,Morepen Laboratories Limited
INE083B01024,THEMISMED,Themis Medicare Limited
INE083C01022,PLASTIBLEN,Plastiblends India Limited
INE083D01012,BALPHARMA,Bal Pharma Limited
INE083K01017,BENGALASM,Bengal & Assam Company Limited
INE084101034,INDOMIM,INDO-MIM Limited
INE084A01016,BANKINDIA,Bank of India
INE084D01010,CGVAK,CG Vak Software & Exports Limited
INE084K01015,AMANTA,Amanta Healthcare Limited
INE084Q01012,RACE,Race Eco Chain Limited
INE085001019,WEWORK,WeWork India Management Limited
INE085A01013,CHAMBLFERT,Chambal Fertilizers & Chemicals Limited
INE085D01033,METROGLOBL,Metroglobal Limited
INE085J01014,THANGAMAYL,Thangamayil Jewellery Limited
INE086A01029,ELECTCAST,Electrosteel Castings Limited
INE087A01019,KESORAMIND,Kesoram Industries Limited
INE087B01017,ANIKINDS,Anik Industries Limited
INE087H01022,RENUKA,Shree Renuka Sugars Limited
INE087Z01024,AAKASH,Aakash Exploration Services Limited
INE088F01024,PARADEEP,Paradeep Phosphates Limited
INE089A01031,DRREDDY,Dr. Reddy's Laboratories Limited
INE089C01029,STLTECH,Sterlite Technologies Limited
INE08KJ01020,MUFIN,Mufin Green Finance Limited
INE08KP01019,DCMNVL,DCM Nouvelle Limited
INE08LI01020,KRSNAA,Krsnaa Diagnostics Limited
INE08N601015,MBEL,M & B Engineering Limited
INE08NE01025,SANSTAR,Sanstar Limited
INE08PH01015,ABCOTS,A B Cotspin India Limited
INE08T701025,RENTOMOJO,Rentomojo Limited
INE08U801020,SAMHI,Samhi Hotels Limited
INE08ZM01014,GREENPANEL,Greenpanel Industries Limited
INE090501011,SCODATUBES,Scoda Tubes Limited
INE090A01021,ICICIBANK,ICICI Bank Limited
INE090B01011,OMAXAUTO,Omax Autos Limited
INE091G01026,JAIBALAJI,Jai Balaji Industries Limited
INE092A01019,TATACHEM,Tata Chemicals Limited
INE092B01025,INDNIPPON,India Nippon Electricals Limited
INE092T01019,IDFCFIRSTB,IDFC First Bank Limited
INE093A01041,HEXT,Hexaware Technologies Limited
INE093I01010,OBEROIRLTY,Oberoi Realty Limited
INE093R01011,LLOYDSENGG,LLOYDS ENGINEERING WORKS LIMITED
INE094A01015,HINDPETRO,Hindustan Petroleum Corporation Limited
INE094B01013,ASHIKAG,Ashika Global Securities Limited
INE094I01018,KOLTEPATIL,Kolte - Patil Developers Limited
INE094J01016,UTIAMC,UTI Asset Management Company Limited
INE095A01012,INDUSINDBK,IndusInd Bank Limited
INE095I01015,PPAP,PPAP Automotive Limited
INE095N01031,NBCC,NBCC (India) Limited
INE096B01018,NUCLEUS,Nucleus Software Exports Limited
INE097E01028,MINALIND,Minal Industries Limited
INE098201036,VCL,Vaxtex Cotfab Limited
INE098F01031,AMRUTANJAN,Amrutanjan Health Care Limited
INE099F01013,SREEL,Sreeleathers Limited
INE099G01011,SCANSTL,Scan Steels Limited
INE099Z01011,MIDHANI,Mishra Dhatu Nigam Limited
INE09E501017,RVHL,Ravinder Heights Limited
INE09EO01013,AARTISURF,Aarti Surfactants Limited
INE09KD01013,ATAM,Atam Valves Limited
INE09N301011,FLUOROCHEM,Gujarat Fluorochemicals Limited
INE09VQ01012,INDIGOPNTS,Indigo Paints Limited
INE09XN01023,AKUMS,Akums Drugs and Pharmaceuticals Limited
INE0A0S01028,SIGMA,Sigma Solve Limited
INE0A1101019,DCI,Dc Infotech And Communication Limited
INE0ADB01012,INNOVISION,Innovision Limited
INE0AE001013,VPRPL,Vishnu Prakash R Punglia Limited
INE0AG901020,CEIGALL,Ceigall India Limited
INE0AJG01018,HEMIPROP,Hemisphere Properties India Limited
INE0AK901016,RRECL,RDB Real Estate Constructions Limited
INE0ALI01010,ADVAIT,Advait Energy Transitions Limited
INE0ALR01029,ATALREAL,Atal Realtech Limited
INE0APB01032,MGEL,Mangalam Global Enterprise Limited
INE0AQ201015,THELEELA,Leela Palaces Hotels & Resorts Limited
INE0ATZ01017,KRONOX,Kronox Lab Sciences Limited
INE0B1K01014,DJML,DJ Mediaprint & Logistics Limited
INE0B9A01018,BONLON,Bonlon Industries Limited
INE0B9K01025,BANSALWIRE,Bansal Wire Industries Limited
INE0BJS01011,GOCOLORS,Go Fashion (India) Limited
INE0BS701011,PREMIERENE,Premier Energies Limited
INE0BTI01037,KAMOPAINTS,Kamdhenu Ventures Limited
INE0BTM01013,SECMARK,SecMark Consultancy Limited
INE0BV301023,MAPMYINDIA,C.E. Info Systems Limited
INE0BWX01014,AETHER,Aether Industries Limited
INE0BX301013,PROSTARM,Prostarm Info Systems Limited
INE0BY001018,JUBLINGREA,Jubilant Ingrevia Limited
INE0BYP01024,OSWALPUMPS,Oswal Pumps Limited
INE0CAZ01013,URBANCO,Urban Company Limited
INE0CG401037,MUKKA,Mukka Proteins Limited
INE0CG601016,MAXIND,Max India Limited
INE0CHO01012,ADL,Archidply Decor Limited
INE0CJD01029,KMEW,Knowledge Marine & Engineering Works Limited
INE0CJF01024,WCIL,Western Carriers (India) Limited
INE0CLI01024,RATEGAIN,Rategain Travel Technologies Limited
INE0CPR01018,EKI,EKI Energy Services Limited
INE0CT101020,MOL,Meghmani Organics Limited
INE0CU601026,GMRP&UI,GMR Power and Urban Infra Limited
INE0CZ201020,ANTHEM,Anthem Biosciences Limited
INE0D0K01022,SIGACHI,Sigachi Industries Limited
INE0D0U01013,AAATECH,AAA Technologies Limited
INE0D6701023,IPL,India Pesticides Limited
INE0D6I01023,KSOLVES,Ksolves India Limited
INE0DAB01012,RVTH,Revathi Equipment India Limited
INE0DD101019,RAILTEL,Railtel Corporation Of India Limited
INE0DK501011,PPLPHARMA,Piramal Pharma Limited
INE0DNW01011,FAIRCHEMOR,Fairchem Organics Limited
INE0DRI01029,ESDS,ESDS Software Solution Limited
INE0DSF01015,NURECA,Nureca Limited
INE0DUT01020,INNOVACAP,Innova Captab Limited
INE0DYJ01015,SYRMA,Syrma SGS Technology Limited
INE0E7301029,WAKEFIT,Wakefit Innovations Limited
INE0ECP01024,HMAAGRO,HMA Agro Industries Limited
INE0EEJ01023,BTML,Bodhi Tree Multimedia Limited
INE0EK901012,TARC,TARC Limited
INE0FFK01017,NPST,Network People Services Technologies Limited
INE0FHS01024,DEEPINDS,Deep Industries Limited
INE0FMW01018,QMSMEDI,QMS Medical Allied Services Limited
INE0FOO01011,SHIPROCKET,Shiprocket Limited
INE0FRK01020,MOTISONS,Motisons Jewellers Limited
INE0FRO01022,STEAMHOUSE,Steamhouse India Limited
INE0FS801015,MSUMI,Motherson Sumi Wiring India Limited
INE0FW001016,MARKOLINES,Markolines Pavement Technologies Limited
INE0G1L01025,LEMERITE,Le Merite Exports Limited
INE0G5901015,EPACK,EPACK Durable Limited
INE0GFE01026,EXXARO,Exxaro Tiles Limited
INE0GGO01015,KRISHIVAL,Krishival Foods Limited
INE0GIU01018,UMAEXPORTS,Uma Exports Limited
INE0GK401011,TATVA,Tatva Chintan Pharma Chem Limited
INE0GMR01016,SWARAJ,Swaraj Suiting Limited
INE0GSL01024,HPAL,HP Adhesives Limited
INE0GV601021,ALLTIME,All Time Plastics Limited
INE0H4201019,PRANAV,Pranav Constructions Limited
INE0H5O01029,WINDLAS,Windlas Biotech Limited
INE0H9F01037,SAIPARENT,Sai Parenterals Limited
INE0H9P01028,ARIS,Arisinfra Solutions Limited
INE0HF201011,FABTECH,Fabtech Technologies Limited
INE0HLU01028,MOBIKWIK,One Mobikwik Systems Limited
INE0HMF01019,TRACXN,Tracxn Technologies Limited
INE0HOQ01053,GROWW,Billionbrains Garage Ventures Limited
INE0HR601026,DDEVPLSTIK,Ddev Plastiks Industries Limited
INE0HV901016,IXIGO,Le Travenues Technology Limited
INE0I0M01023,PRABHA,Prabha Energy Limited
INE0I0T01010,VOEPL,Virtuoso Optoelectronics Limited
INE0I1B01016,PERNIASPOP,Purple Style Labs Limited
INE0I3401014,DBOL,Dhampur Bio Organics Limited
INE0I7C01011,LATENTVIEW,Latent View Analytics Limited
INE0ILV01024,CAPILLARY,Capillary Technologies India Limited
INE0INJ01017,PLAZACABLE,Plaza Wires Limited
INE0INX01018,AEGISVOPAK,Aegis Vopak Terminals Limited
INE0IQ001011,VERANDA,Veranda Learning Solutions Limited
INE0ISX01025,KUSUMGAR,Kusumgar Limited
INE0IX101010,DATAPATTNS,Data Patterns (India) Limited
INE0J0B01017,KOTYARK,Kotyark Industries Limited
INE0J1F01024,RPTECH,Rashi Peripherals Limited
INE0J1Y01017,LICI,Life Insurance Corporation Of India
INE0J5401028,HONASA,Honasa Consumer Limited
INE0J5601015,KRISHNADEF,Krishna Defence And Allied Industries Limited
INE0J5801029,JSLL,Jeena Sikho Lifecare Limited
INE0JA001018,VENUSPIPES,Venus Pipes & Tubes Limited
INE0JHH01011,DOLLEX,Dollex Agrotech Limited
INE0JM501013,NRL,Nupur Recyclers Limited
INE0JO301016,YATHARTH,Yatharth Hospital & Trauma Care Services Limited
INE0JPD01013,SANATHAN,Sanathan Textiles Limited
INE0JR601024,YATRA,Yatra Online Limited
INE0JS101016,DREAMFOLKS,Dreamfolks Services Limited
INE0JSX01015,GSLSU,Global Surfaces Limited
INE0JUI01012,HEXAGON,Hexagon Nutrition Limited
INE0JUS01029,HARSHA,Harsha Engineers International Limited
INE0JVO01026,GARUDA,Garuda Construction and Engineering Limited
INE0JWS01017,VALIANTLAB,Valiant Laboratories Limited
INE0JYY01029,MWL,Mangalam Worldwide Limited
INE0K9O01026,LALITHAA,Lalithaa Jewellery Mart Limited
INE0KBH01020,BLUEJET,Blue Jet Healthcare Limited
INE0KCE01017,EUREKAFORB,Eureka Forbes Limited
INE0KGZ01021,SIGNPOST,Signpost India Limited
INE0KKN01029,RHETAN,Rhetan TMT Limited
INE0KL801015,DCXINDIA,DCX Systems Limited
INE0KNT01012,MVGJL,Manoj Vaibhav Gems N Jewellers Limited
INE0KNW01016,KNAGRI,KN Agri Resources Limited
INE0KQN01018,BAJEL,Bajel Projects Limited
INE0KWF01020,MANIKA,Manika Plastech Limited
INE0L0L01012,MODIS,Modis Navnirman Limited
INE0L4K01016,VITAL,Vital Chemtech Limited
INE0L9R01028,GOPAL,Gopal Snacks Limited
INE0LCL01028,AVALON,Avalon Technologies Limited
INE0LEG01024,HTEL,Hy-Tech Engineers Limited
INE0LEZ01016,ATHERENERG,Ather Energy Limited
INE0LGX01024,INA,Insolation Energy Limited
INE0LLY01014,EIEL,Enviro Infra Engineers Limited
INE0LLZ01011,SONA,Sonaselection India Limited
INE0LMW01024,CELLO,Cello World Limited
INE0LOJ01019,IKIO,IKIO Technologies Limited
INE0LP301011,PWL,Physicswallah Limited
INE0LQS01015,TIPSFILMS,Tips Films Limited
INE0LRU01027,AARTIPHARM,Aarti Pharmalabs Limited
INE0LRY01011,QUADFUTURE,Quadrant Future Tek Limited
INE0LXG01040,OLAELEC,Ola Electric Mobility Limited
INE0LXT01019,REDTAPE,Redtape Limited
INE0LZF01039,CORDELIA,Waterways Leisure Tourism Limited
INE0M4D01010,SETL,Standard Engineering Technology Limited
INE0M5301040,VARMORA,Varmora Granito Limited
INE0MB501011,JGCHEM,J.G.Chemicals Limited
INE0MEG01014,VIVIANA,Viviana Power Tech Limited
INE0MGM01017,ANNAPURNA,Annapurna Swadisht Limited
INE0MHO01029,REGAAL,Regaal Resources Limited
INE0MIS01010,PYRAMID,Pyramid Technoplast Limited
INE0MLS01022,EPACKPEB,EPack Prefab Technologies Limited
INE0MWH01014,TRUALT,TruAlt Bioenergy Limited
INE0N0Y01013,USK,Udayshivakumar Infra Limited
INE0N2P01017,RISHABH,Rishabh Instruments Limited
INE0N7W01012,BLAL,BEML Land Assets Limited
INE0NAZ01010,SMARTWORKS,Smartworks Coworking Spaces Limited
INE0NG701011,XTRANET,Xtranet Technologies Limited
INE0NLT01010,BLSE,BLS E-Services Limited
INE0NN701020,ATL,Allcargo Terminals Limited
INE0NNS01018,NSLNISP,NMDC Steel Limited
INE0NQ801033,RKSWAMY,R K Swamy Limited
INE0NT901020,NETWEB,Netweb Technologies India Limited
INE0O3901029,TREL,Transindia Real Estate Limited
INE0O6601022,KROSS,Kross Limited
INE0O9T01021,BAJAJINDEF,Indef Manufacturing Limited
INE0OAF01028,JNKINDIA,JNK India Limited
INE0OC301013,TURTLEMINT,Turtlemint Fintech Solutions Limited
INE0OFM01015,DSFCL,DCM Shriram Fine Chemicals Limited
INE0OJW01016,ROSSTECH,Rossell Techsys Limited
INE0ONG01011,NTPCGREEN,NTPC Green Energy Limited
INE0OPA01027,DBEIL,Deepak Builders & Engineers India Limited
INE0OTC01025,AONESTEELS,A-One Steels India Limited
INE0OU201013,DCMSIL,DCM Shriram International Limited
INE0OV601013,EMSLIMITED,EMS Limited
INE0OWZ01020,MVELECTRO,MV Electrosystems Limited
INE0P6P01016,CPEDU,Career Point Edutech Limited
INE0P8B01020,GAUDIUMIVF,Gaudium IVF and Women Health Limited
INE0PA801013,GHCLTEXTIL,GHCL Textiles Limited
INE0PB301013,SCILAL,Shipping Corporation of India Land and Assets Limited
INE0PEQ01016,RBZJEWEL,RBZ Jewellers Limited
INE0PK601023,OCCLLTD,OCCL Limited
INE0PKD01011,MEIL,Mangal Electrical Industries Limited
INE0PPK01015,ORIENTTECH,Orient Technologies Limited
INE0PQ101010,SSDL,Saraswati Saree Depot Limited
INE0PSC01024,DIGIDRIVE,Digidrive Distributors Limited
INE0PT501018,PLATIND,Platinum Industries Limited
INE0PTN01011,MONEYVIEW,Moneyview Limited
INE0PX301025,SKYWAYS,Skyways Air Services Limited
INE0Q3J01015,KRN,KRN Heat Exchanger and Refrigeration Limited
INE0Q3R01026,SUNCLAY,Sundaram Clayton Limited
INE0Q9301021,IGIL,International Gemological Institute Limited
INE0QJW01029,LCL,Lohia Corp Limited
INE0QN801017,KRYSTAL,Krystal Integrated Services Limited
INE0QPI01025,SUDEEPPHRM,Sudeep Pharma Limited
INE0QRL01017,ARKADE,Arkade Developers Limited
INE0QTF01015,VSTL,Vibhor Steel Tubes Limited
INE0R4L01018,DENTA,Denta Water and Infra Solutions Limited
INE0R6Z01013,SRM,SRM Contractors Limited
INE0R8B01010,PATELRMART,Patel Retail Limited
INE0RB801010,SENORES,Senores Pharmaceuticals Limited
INE0RE001014,GALAPREC,Gala Precision Engineering Limited
INE0RWQ01014,TOLINS,Tolins Tyres Limited
INE0RYC01010,STALLION,Stallion India Fluorochemicals Limited
INE0S2G01011,BALAJEE,Shree Tirupati Balajee Agro Trading Company Limited
INE0S2V01010,VRAJ,Vraj Iron and Steel Limited
INE0S3G01027,PACEDIGITK,Pace Digitek Limited
INE0S4R01014,CRIZAC,Crizac Limited
INE0SII01026,QPOWER,Quality Power Electrical Equipments Limited
INE0SJA01013,VMSTMT,VMS TMT Limited
INE0TGX01019,CHEMBONDCH,Chembond Chemicals Limited
INE0TO701015,MAMATA,Mamata Machinery Limited
INE0TQE01026,GLOTTIS,Glottis Limited
INE0TWE01016,ARMEE,ArMee Infotech Limited
INE0TY101024,SOLARWORLD,Solarworld Energy Solutions Limited
INE0U3I01011,UNIMECH,Unimech Aerospace and Manufacturing Limited
INE0U4101014,BLUSPRING,Bluspring Enterprises Limited
INE0U4701011,DIGITIDE,Digitide Solutions Limited
INE0UH301010,OMNI,Omnitech Engineering Limited
INE0UIZ01018,BLACKBUCK,BLACKBUCK LIMITED
INE0UOS01011,SANOFICONR,Sanofi Consumer Healthcare India Limited
INE0URU01010,GLOBALE,Globale Tessile Limited
INE0US801024,MFML,Mahalaxmi Fabric Mills Limited
INE0V0W01025,GKSL,Gujarat Kidney And Super Speciality Limited
INE0V3U01015,GLOBECIVIL,Globe Civil Projects Limited
INE0V6F01027,HYUNDAI,Hyundai Motor India Limited
INE0V7W01012,CARRARO,Carraro India Limited
INE0V9Q01010,LOTUSDEV,Sri Lotus Developers and Realty Limited
INE0VDM01015,MEESHO,Meesho Limited
INE0VOV01021,DEVX,Dev Accelerator Limited
INE0W2G01015,SAGILITY,SAGILITY LIMITED
INE0WO601020,LAXMIDENTL,Laxmi Dental Limited
INE0XAD01024,MIDWESTLTD,Midwest Limited
INE0XNF01022,ARDEE,Ardee Industries Limited
INE0Y8W01025,AHCL,Anlon Healthcare Limited
INE0YD401026,JAINREC,Jain Resource Recycling Limited
INE0Z4F01028,ATLANTAELE,Atlanta Electricals Limited
INE0ZK601013,CSM,CSM Technologies Limited
INE100A01010,ATUL,Atul Limited
INE100D01014,WSI,W S Industries (I) Limited
INE101A01026,M&M,Mahindra & Mahindra Limited
INE101D01020,GRANULES,Granules India Limited
INE101I01011,AFCONS,Afcons Infrastructure Limited
INE102A01024,HLVLTD,HLV LIMITED
INE102B01014,CHOICEIN,Choice International Limited
INE102D01028,GODREJCP,Godrej Consumer Products Limited
INE102I01027,ADSL,Allied Digital Services Limited
INE103001017,ANNU,Annu Projects Limited
INE103A01014,MRPL,Mangalore Refinery and Petrochemicals Limited
INE103C01036,SMCGLOBAL,SMC Global Securities Limited
INE103V01028,TRAVELFOOD,Travel Food Services Limited
INE105A01035,TVSHLTD,TVS Holdings Limited
INE105C01023,3PLAND,3P Land Holdings Limited
INE105J01010,RPGLIFE,RPG Life Sciences Limited
INE106I01010,ANKITMETAL,Ankit Metal & Power Limited
INE106T01025,HITECH,Hi-Tech Pipes Limited
INE107A01015,TNPL,Tamil Nadu Newsprint & Papers Limited
INE107F01022,WANBURY,Wanbury Limited
INE108E01023,SUNDARAM,Sundaram Multi Pap Limited
INE108V01019,AWFIS,Awfis Space Solutions Limited
INE109A01011,SCI,Shipping Corporation Of India Limited
INE109C01017,ARMANFIN,Arman Financial Services Limited
INE110A01019,BPL,BPL Limited
INE110B01017,MINDTECK,Mindteck (India) Limited
INE111A01025,CONCOR,Container Corporation of India Limited
INE111B01023,63MOONS,63 moons technologies limited
INE111F01024,PAUSHAKLTD,Paushak Limited
INE111Q01021,PDSL,PDS Limited
INE112D01035,MHLXMIRU,Mahalaxmi Rubtech Limited
INE112F01022,LAMBODHARA,Lambodhara Textiles Limited
INE112L01020,METROPOLIS,Metropolis Healthcare Limited
INE112X01025,SIKKO,Sikko Industries Limited
INE113A01013,GNFC,Gujarat Narmada Valley Fertilizers and Chemicals Limited
INE114A01011,SAIL,Steel Authority of India Limited
INE115A01026,LICHSGFIN,LIC Housing Finance Limited
INE115Q01022,IKS,Inventurus Knowledge Solutions Limited
INE115S01010,HALDER,Halder Venture Limited
INE116A01032,APCOTEXIND,Apcotex Industries Limited
INE116C01012,ZFSTEERING,ZF Steering Gear (India) Limited
INE116D01028,BAGFILMS,B.A.G Films and Media Limited
INE116G01013,VARDHACRLC,Vardhman Acrylics Limited
INE117A01022,ABB,ABB India Limited
INE117B01020,CURAA,Cura Technologies Limited
INE117Z01029,NARMADA,Narmada Agrobase Limited
INE118A01012,BAJAJHLDNG,Bajaj Holdings & Investment Limited
INE118D01016,NUVOCO,Nuvoco Vistas Corporation Limited
INE118H01025,BSE,BSE Limited
INE119201023,PARKHOSPS,Park Medi World Limited
INE119A01028,BALRAMCHIN,Balrampur Chini Mills Limited
INE11XY01018,CMLL,Caliber Mining and Logistics Limited
INE120A01034,CARBORUNIV,Carborundum Universal Limited
INE120D01012,HITECHCORP,Hitech Corporation Limited
INE121A01024,CHOLAFIN,Cholamandalam Investment and Finance Company Limited
INE121E01018,JSWENERGY,JSW Energy Limited
INE121J01017,INDUSTOWER,Indus Towers Limited
INE121N01019,THEJO,Thejo Engineering Limited
INE121R01077,AMAGI,Amagi Media Labs Limited
INE122M01019,ESSARSHPNG,Essar Shipping Limited
INE123B01028,NAGREEKEXP,Nagreeka Exports Limited
INE123C01018,TAINWALCHM,Tainwala Chemical and Plastic (I) Limited
INE123F01029,MMTC,MMTC Limited
INE123W01016,SBILIFE,SBI Life Insurance Company Limited
INE124E01038,STEELCAS,Steelcast Limited
INE124G01033,DELTACORP,Delta Corp Limited
INE124Y01028,PASHUPATI,Pashupati Cotspin Limited
INE126A01031,EIDPARRY,EID Parry India Limited
INE126J01016,APOLLOPIPE,Apollo Pipes Limited
INE126M01010,IBULLSLTD,Indiabulls Limited
INE127B01011,HITECHGEAR,The Hi-Tech Gears Limited
INE127D01025,HDFCAMC,HDFC Asset Management Company Limited
INE127I01024,GOODLUCK,Goodluck India Limited
INE127T01021,KPEL,K.P. Energy Limited
INE128A01029,EVEREADY,Eveready Industries India Limited
INE128S01021,FIVESTAR,Five-Star Business Finance Limited
INE128X01021,ACI,Archean Chemical Industries Limited
INE129A01019,GAIL,GAIL (India) Limited
INE129Z01016,SINTERCOM,Sintercom India Limited
INE12F801023,KISSHT,OnEMI Technology Solutions Limited
INE12NJ01018,SAMBHV,Sambhv Steel Tubes Limited
INE12UN01015,SHADOWFAX,Shadowfax Technologies Limited
INE12UR01024,UTLSOLAR,Fujiyama Power Systems Limited
INE130B01031,SURANAT&P,Surana Telecom and Power Limited
INE130L01014,ENKEIWHEL,Enkei Wheels (India) Limited
INE131A01031,GMDCLTD,Gujarat Mineral Development Corporation Limited
INE131B01039,RELAXO,Relaxo Footwears Limited
INE131C01011,DISAQ,Disa India Limited
INE132C01027,SURYALA,Suryalata Spinning Mills Limited
INE132H01018,AURIONPRO,Aurionpro Solutions Limited
INE133A01011,JSWDULUX,JSW Dulux Limited
INE133E01013,TI,Tilaknagar Industries Limited
INE133Y01011,IFGLEXPOR,IFGL Refractories Limited
INE134B01017,KECL,Kirloskar Electric Company Limited
INE134E01011,PFC,Power Finance Corporation Limited
INE136B01020,CYIENT,Cyient Limited
INE136S01016,NEOGEN,Neogen Chemicals Limited
INE137C01018,ALPHAGEO,Alphageo (India) Limited
INE137I01015,GRPLTD,GRP Limited
INE137M01017,SAB,SAB Industries Limited
INE138A01028,PENINLAND,Peninsula Land Limited
INE138C01024,KANORICHEM,Kanoria Chemicals & Industries Limited
INE138Y01010,KFINTECH,Kfin Technologies Limited
INE139A01034,NATIONALUM,National Aluminium Company Limited
INE139B01016,UCAL,UCAL LIMITED
INE139I01011,BVCL,Barak Valley Cements Limited
INE139R01012,FUSION,Fusion Finance Limited
INE13B501022,SAATVIKGL,Saatvik Green Energy Limited
INE141D01018,TNTELE,Tamilnadu Telecommunication Limited
INE141K01013,TEXMOPIPES,Texmo Pipes and Products Limited
INE142A01012,OSWALAGRO,Oswal Agro Mills Limited
INE142I01023,TAKE,TAKE Limited
INE142K01011,AURUS,AURUS GEM CORPORATION LIMITED
INE142M01025,TATATECH,Tata Technologies Limited
INE142Q01026,SULA,Sula Vineyards Limited
INE142Z01019,ORIENTELEC,Orient Electric Limited
INE143A01010,OSWALGREEN,Oswal Greentech Limited
INE144D01012,CUBEXTUB,Cubex Tubings Limited
INE144J01027,20MICRONS,20 Microns Limited
INE144Z01023,TARSONS,Tarsons Products Limited
INE145E01017,CRAVATEX,Cravatex Limited
INE146L01010,KIRLOSENG,Kirloskar Oil Engines Limited
INE147A01011,SPIC,Southern Petrochemicals Industries Corporation  Limited
INE147P01019,JPOLYINVST,Jindal Poly Investment and Finance Company Limited
INE147X01013,ELEVATE,Elevate Campuses Limited
INE148A01019,TNPETRO,Tamilnadu PetroProducts Limited
INE148G01016,ARCIL,Asset Reconstruction Company (India) Limited
INE148I01020,SAMMAANCAP,Sammaan Capital Limited
INE148O01028,DELHIVERY,Delhivery Limited
INE149A01033,CHOLAHLDNG,Cholamandalam Financial Holdings Limited
INE149K01016,SANDUMA,Sandur Manganese & Iron Ores Limited
INE149O01018,NIBE,NIBE Limited
INE14LE01019,ABLBL,Aditya Birla Lifestyle Brands Limited
INE14UN01029,VIDYAWIRES,Vidya Wires Limited
INE150B01039,ALKYLAMINE,Alkyl Amines Chemicals Limited
INE150G01020,LUXIND,Lux Industries Limited
INE151A01013,TATACOMM,Tata Communications Limited
INE151G01028,SHAILY,Shaily Engineering Plastics Limited
INE152A01029,THERMAX,Thermax Limited
INE152C01025,UYFINCORP,U. Y. Fincorp Limited
INE152M01016,TRITURBINE,Triveni Turbine Limited
INE153A01019,MTNL,Mahanagar Telephone Nigam Limited
INE153T01027,BLS,BLS International Services Limited
INE154A01025,ITC,ITC Limited
INE154B01023,MOHITE,Mohite Industries Limited
INE155A01022,TMPV,Tata Motors Passenger Vehicles Limited
INE155C01010,ALBERTDAVD,Albert David Limited
INE155E01016,INVPRECQ,Investment & Precision Castings Limited
INE155G01029,NDTV,New Delhi Television Limited
INE155Z01011,MACPOWER,Macpower CNC Machines Limited
INE156A01020,INDORAMA,Indo Rama Synthetics (India) Limited
INE156C01018,PIONEEREMB,Pioneer Embroideries Limited
INE157H01023,KMSUGAR,K.M.Sugar Mills Limited
INE158A01026,HEROMOTOCO,Hero MotoCorp Limited
INE158B01016,EIMCOELECO,Eimco Elecon (India) Limited
INE159A01016,GLAXO,GlaxoSmithKline Pharmaceuticals Limited
INE159L01013,SVGLOBAL,S V Global Mill Limited
INE159N01027,VIJIFIN,Viji Finance Limited
INE15B701018,PINELABS,Pine Labs Limited
INE15EH01014,PRIORITY,Priority Jewels Limited
INE160A01022,PNB,Punjab National Bank
INE161A01038,NIITLTD,NIIT Limited
INE161L01027,VIKASLIFE,Vikas Lifecare Limited
INE162A01010,GIPCL,Gujarat Industries Power Company Limited
INE162B01018,LUMAXIND,Lumax Industries Limited
INE162C01024,PARASPETRO,Paras Petrofils Limited
INE163A01018,NOCIL,NOCIL Limited
INE164A01016,BALMLAWRIE,Balmer Lawrie & Company Limited
INE164B01030,KELLTONTEC,Kellton Tech Solutions Limited
INE165B01029,RSSOFTWARE,R. S. Software (India) Limited
INE165G01010,ASSAMENT,Assam Entrade Limited
INE166R01015,NATIONSTD,National Standard (India) Limited
INE167H01014,SIMPLXREA,Simplex Realty Limited
INE168A01041,J&KBANK,The Jammu & Kashmir Bank Limited
INE168P01015,EMCURE,Emcure Pharmaceuticals Limited
INE169A01031,COROMANDEL,Coromandel International Limited
INE16NZ01023,ORKLAINDIA,Orkla India Limited
INE16SF01016,BORANA,Borana Weaves Limited
INE16W401027,AUGMONT,Augmont Enterprises Limited
INE170E01023,SATIA,Satia Industries Limited
INE170I01016,HGS,Hinduja Global Solutions Limited
INE170V01027,SALASAR,Salasar Techno Engineering Limited
INE171A01029,FEDERALBNK,The Federal Bank  Limited
INE171Z01026,BDL,Bharat Dynamics Limited
INE172A01027,CASTROLIND,Castrol India Limited
INE172N01012,IMAGICAA,Imagicaaworld Entertainment Limited
INE173A01025,SIL,Standard Industries Limited
INE173M01012,ONIXSOLAR,Onix Solar Energy Limited
INE175A01038,JISLJALEQS,Jain Irrigation Systems Limited
INE176A01028,BATAINDIA,Bata India Limited
INE176B01034,HAVELLS,Havells India Limited
INE176J01011,SICAGEN,Sicagen India Limited
INE177A01018,INGERRAND,Ingersoll Rand (India) Limited
INE177C01022,BATLIBOI,Batliboi Limited
INE177F01017,KOVAI,Kovai Medical Center & Hospital Limited
INE177H01039,GPIL,Godawari Power And Ispat limited
INE178A01016,CHENNPETRO,Chennai Petroleum Corporation Limited
INE178C01020,SMARTLINK,Smartlink Holdings Limited
INE178T01024,ADVIKCA,Advik Capital Limited
INE179A01014,PGHH,Procter & Gamble Hygiene and Health Care Limited
INE179G01029,DAVANGERE,Davangere Sugar Company Limited
INE17IR01028,LASERPOWER,Laser Power & Infra Limited
INE17QZ01016,KNACK,Knack Packaging Limited
INE180A01020,MFSL,Max Financial Services Limited
INE180C01042,CGCL,Capri Global Capital Limited
INE182A01018,PFIZER,Pfizer Limited
INE182D01020,MARATHON,Marathon Nextgen Realty Limited
INE183A01024,FINPIPE,Finolex Industries Limited
INE184H01027,EKC,Everest Kanto Cylinder Limited
INE184O01015,DIFFNKG,Diffusion Engineers Limited
INE185C01017,SAPPL,Shree Ajit Pulp & Paper Limited
INE185E01021,FILATFASH,Filatex Fashions Limited
INE185H01016,CELEBRITY,Celebrity Fashions Limited
INE185Q01025,LUMINO,Lumino Industries Limited
INE186A01019,GUJALKALI,Gujarat Alkalies and Chemicals Limited
INE186H01022,BASML,Bannari Amman Spinning Mills Limited
INE187D01029,TALBROAUTO,Talbros Automotive Components Limited
INE188A01015,FACT,Fertilizers and Chemicals Travancore Limited
INE188B01013,IGARASHI,Igarashi Motors India Limited
INE188Y01031,VERTOZ,Vertoz Limited
INE189B01011,STYRENIX,Styrenix Performance Materials Limited
INE189I01024,NELCAST,Nelcast Limited
INE18JU01028,EBGNG,GNG Electronics Limited
INE18UN01038,GAJA,Gaja Alternative Asset Management Limited
INE190H01024,SAKUMA,Sakuma Exports Limited
INE191A01027,ORCHPHARMA,Orchid Pharma Limited
INE191B01025,WELCORP,Welspun Corp Limited
INE191H01014,PVRINOX,PVR INOX Limited
INE191I01012,HDIL,Housing Development and Infrastructure Limited
INE192A01025,TATACONSUM,TATA CONSUMER PRODUCTS LIMITED
INE192B01031,WELSPUNLIV,Welspun Living Limited
INE192H01020,GRMOVER,GRM Overseas Limited
INE192R01011,DMART,Avenue Supermarts Limited
INE193B01039,AYMSYNTEX,AYM Syntex Limited
INE193E01025,BAJAJELEC,Bajaj Electricals Limited
INE194D01017,ASTAR,Asian Star Company Limited
INE194R01017,FREDUN,Fredun Pharmaceuticals Limited
INE195A01028,SUPREMEIND,Supreme Industries Limited
INE195J01029,PNCINFRA,PNC Infratech Limited
INE195N01013,PROZONER,Prozone Realty Limited
INE196A01026,MARICO,Marico Limited
INE196Y01018,WORTHPERI,Worth Peripherals Limited
INE197A01024,JYOTISTRUC,Jyoti Structures Limited
INE197D01010,JINDALPOLY,Jindal Poly Films Limited
INE197J01017,LPDC,Landmark Property Development Company Limited
INE198501012,EUROPRATIK,Euro Pratik Sales Limited
INE198H01019,AAREYDRUGS,Aarey Drugs & Pharmaceuticals Limited
INE199A01012,PGHL,Procter & Gamble Health Limited
INE199C01026,ADVANIHOTR,Advani Hotels & Resorts (India) Limited
INE199E01014,SUNSHIEL,Sunshield Chemicals Limited
INE199G01027,JAGRAN,Jagran Prakashan Limited
INE199P01028,GCSL,Gretex Corporate Services Limited
INE19GK01015,SRTL,Shree Ram Twistex Limited
INE19RI01016,TENNIND,Tenneco Clean Air India Limited
INE1AG301022,GKENERGY,GK Energy Limited
INE1B0W01010,ADVANCE,Advance Agrolife Limited
INE1B3L01017,SHRINGARMS,Shringar House of Mangalsutra Limited
INE1B3O01011,SUNSHINE,Sunshine Pictures Limited
INE1B6101010,SHREEJISPG,Shreeji Shipping Global Limited
INE1BZC01019,OMFREIGHT,Om Freight Forwarders Limited
INE1C6T01020,EMMVEE,Emmvee Photovoltaic Power Limited
INE1CDF01017,VAML,Vedanta Aluminium Metal Limited
INE1CLE01013,VISL,Vedanta Iron and Steel Limited
INE1D0W01018,TECHNOCRAF,Technocraft Ventures Limited
INE1DLO01028,JSIPL,Jindal Supreme (India) Limited
INE1EEM01017,BLEL,Behari Lal Engineering Limited
INE1EQW01028,SSRETAIL,SS Retail Limited
INE1FCO01014,MOMSBELIEF,Rays of Belief Limited
INE1FF001016,JKIPL,Jinkushal Industries Limited
INE1FPN01026,LCCPROJECT,LCC Projects Limited
INE1JCQ01037,ALPINETEX,Alpine Texworld Limited
INE1JTV01015,VEEGALAND,Veegaland Developers Limited
INE1KZI01025,TEMPSENS,Tempsens Instruments (India) Limited
INE1M2N01020,DEEPA,Deepa Jewellers Limited
INE1NPP01017,ENRIN,Siemens Energy India Limited
INE1QJA01015,SWASTIKAIN,Swastika Infra Limited
INE1RDG01013,PNGSREVA,PNGS Reva Diamond Jewellery Limited
INE1SJO01012,RAMBHAJO,Advit Jewels Limited
INE1SPP01016,KSR,KSR Footwear Limited
INE1SY401010,RAYMONDREL,Raymond Realty Limited
INE1TAE01010,TMCV,Tata Motors Limited
INE1TUG01013,GSPLTRANS,GSPL Transmission Limited
INE1VXE01018,STLNETWORK,STL Networks Limited
INE1WFC01025,SHANKESH,Shankesh Jewellers Limited
INE1YPB01014,AGL,Allcargo Global Limited
INE200A01026,GVT&D,GE Vernova T&D India Limited
INE200D01020,MMWL,Media Matrix Worldwide Limited
INE200M01039,VBL,Varun Beverages Limited
INE201A01024,MANALIPETC,Manali Petrochemicals Limited
INE201B01022,MAJESAUT,Majestic Auto Limited
INE201K01015,EXPLEOSOL,Expleo Solutions Limited
INE201M01029,CLEDUCATE,CL Educate Limited
INE201P01022,GRINFRA,G R Infraprojects Limited
INE202B01038,PIRAMALFIN,Piramal Finance Limited
INE202E01016,IREDA,Indian Renewable Energy Development Agency Limited
INE202H01019,KERNEX,Kernex Microsystems (India) Limited
INE202Z01029,TSFINV,TSF INVESTMENTS LIMITED
INE203A01020,ASTRAZEN,AstraZeneca Pharma India Limited
INE203G01027,IGL,Indraprastha Gas Limited
INE203Y01012,CRESTO,CRESTO TECHNO LIMITED
INE204A01010,IGPL,IG Petrochemicals Limited
INE204E01012,AGARIND,Agarwal Industrial Corporation Limited
INE205A01025,VEDL,Vedanta Limited
INE205B01031,ELECON,Elecon Engineering Company Limited
INE205C01021,POLYMED,Poly Medicure Limited
INE205F01016,STLSTRINF,Steel Strips Infrastructures Limited
INE206B01013,ZODIACLOTH,Zodiac Clothing Company Limited
INE206F01022,AIIL,Authum Investment & Infrastructure Limited
INE206N01018,RELTD,Ravindra Energy Limited
INE207E01023,RAMRAT,Ram Ratna Wires Limited
INE207H01018,GNRL,Gujarat Natural Resources Limited
INE208A01029,ASHOKLEY,Ashok Leyland Limited
INE208C01025,AEGISLOG,Aegis Logistics Limited
INE209A01019,SUNDROP,Sundrop Brands Limited
INE209B01025,RICOAUTO,Rico Auto Industries Limited
INE209L01016,JWL,Jupiter Wagons Limited
INE210A01017,WILLAMAGOR,Williamson Magor & Company Limited
INE210C01013,AROGRANITE,Aro Granite Industries Limited
INE211B01039,PHOENIXLTD,The Phoenix Mills Limited
INE211R01019,POWERMECH,Power Mech Projects Limited
INE212H01026,AIAENG,AIA Engineering Limited
INE212I01016,SPAL,S. P. Apparels Limited
INE212S01015,FRACTAL,Fractal Analytics Limited
INE213A01029,ONGC,Oil & Natural Gas Corporation Limited
INE213C01025,BANCOINDIA,Banco Products (I) Limited
INE213D01015,BEEKAY,Beekay Steel Industries Limited
INE214A01019,CYBERTECH,Cybertech Systems And Software Limited
INE214F01026,GRAVISSHO,Graviss Hospitality Limited
INE214T01019,LTM,LTM Limited
INE215B01022,ORCHASP,Orchasp Limited
INE215D01010,MAHEPC,Mahindra EPC Irrigation Limited
INE215F01023,WIPL,The Western India Plywoods Limited
INE215I01027,MAANALU,Maan Aluminium Limited
INE216A01030,BRITANNIA,Britannia Industries Limited
INE216P01012,AAVAS,Aavas Financiers Limited
INE217A01012,ZUARIIND,ZUARI INDUSTRIES LIMITED
INE217B01036,KAJARIACER,Kajaria Ceramics Limited
INE217G01035,EQUIPPP,Equippp Social Impact Technologies Limited
INE217K01011,RHFL,Reliance Home Finance Limited
INE217L01019,SHRIRAMPPS,Shriram Properties Limited
INE217S01014,APOORVA,Apoorva Leasing Finance and Investment Company Limited
INE218C01016,AUSOMENT,Ausom Enterprise Limited
INE218G01033,PALREDTEC,Palred Technologies Limited
INE218I01013,CRAMC,Canara Robeco Asset Management Company Limited
INE219Y01026,RMDRIP,R M Drip and Sprinklers Systems Limited
INE220B01022,KPIL,Kalpataru Projects International Limited
INE220G01021,JSL,Jindal Stainless Limited
INE220Q01020,MUFTI,Credo Brands Marketing Limited
INE220Z01013,SHINDL,Sharat Industries Limited
INE221B01012,DYNAMATECH,Dynamatic Technologies Limited
INE221H01019,GTLINFRA,GTL Infrastructure Limited
INE221J01015,SHARDACROP,Sharda Cropchem Limited
INE222F01029,VTMLTD,VTM Limited
INE224A01026,GREAVESCOT,Greaves Cotton Limited
INE224E01028,GATECH,GACM Technologies Limited
INE224E01036,GATECHDVR,GACM Technologies Limited
INE225B01021,FERMENTA,Fermenta Biotech Limited
INE225D01027,SYMPHONY,Symphony Limited
INE226A01021,VOLTAS,Voltas Limited
INE226H01026,SADBHAV,Sadbhav Engineering Limited
INE227B01019,HINDALUMI,Hind Aluminium Industries Limited
INE227C01017,MMFL,MM Forgings Limited
INE227F01010,MKEXIM,M.K. Exim (India) Limited
INE227G01018,INDOWIND,Indowind Energy Limited
INE227J01012,KALPATARU,Kalpataru Limited
INE227W01023,CLEAN,Clean Science and Technology Limited
INE228A01035,USHAMART,Usha Martin Limited
INE228I01012,ASAHISONG,Asahi Songwon Colors Limited
INE229A01017,ONWARDTEC,Onward Technologies Limited
INE229C01021,SAGCEM,Sagar Cements Limited
INE229H01012,NITINSPIN,Nitin Spinners Limited
INE230A01023,EIHOTEL,EIH Limited
INE230B01021,CREATIVEYE,Creative Eye Limited
INE230R01035,RAMASTEEL,Rama Steel Tubes Limited
INE231C01019,SHREYANIND,Shreyans Industries Limited
INE231F01020,SASKEN,Sasken Technologies Limited
INE231G01010,ORBTEXP,Orbit Exports Limited
INE232A01011,SHREDIGCEM,Shree Digvijay Cement Co.Ltd
INE232E01013,VELJAN,Veljan Denison Limited
INE232I01014,SPARC,Sun Pharma Advanced Research Company Limited
INE233A01035,GODREJIND,Godrej Industries Limited
INE233B01017,BLUEDART,Blue Dart Express Limited
INE234A01025,NOVARTIND,Novartis India Limited
INE234I01028,KAUSHALYA,Kaushalya Infrastructure Development Corporation Limited
INE235A01022,FINCABLES,Finolex Cables Limited
INE235C01036,SUMEETINDS,Sumeet Industries Limited
INE236A01020,HCL-INSYS,HCL Infosystems Limited
INE236E01022,ELLEN,Ellenbarrie Industrial Gases Limited
INE236G01019,TVSELECT,TVS Electronics Limited
INE236Y01012,NGIL,Nakoda Group of Industries Limited
INE237A01036,KOTAKBANK,Kotak Mahindra Bank Limited
INE238A01034,AXISBANK,Axis Bank Limited
INE239A01024,NESTLEIND,Nestle India Limited
INE239C01020,STYLAMIND,Stylam Industries Limited
INE239D01028,OMINFRAL,OM INFRA LIMITED
INE240C01028,UMESLTD,Usha Martin Education & Solutions Limited
INE241U01028,MPIMANIPAL,Manipal Payment and Identity Solutions Limited
INE242A01010,IOC,Indian Oil Corporation Limited
INE242C01024,ANANTRAJ,Anant Raj Limited
INE243D01012,BFUTILITIE,BF Utilities Limited
INE244A01016,DENORA,De Nora India Limited
INE244B01030,PATELENG,Patel Engineering Limited
INE244O01017,UNIPARTS,Uniparts India Limited
INE245A01021,TATAPOWER,Tata Power Company Limited
INE245B01011,PHOENXINTL,Phoenix International Limited
INE245I01016,NAGREEKCAP,Nagreeka Capital & Infrastructure Limited
INE246B01019,RAMCOSYS,Ramco Systems Limited
INE247C01023,VIRTUALG,Virtual Global Education Limited
INE247D01039,JINDWORLD,Jindal Worldwide Limited
INE247M01014,SPECIALITY,Speciality Restaurants Limited
INE248A01017,ITI,ITI Limited
INE249Z01020,MAZDOCK,Mazagon Dock Shipbuilders Limited
INE24OJ01011,BUILDPRO,Shankara Buildpro Limited
INE250A01039,KIRLOSIND,Kirloskar Industries Limited
INE250B01029,VINYLINDIA,Vinyl Chemicals (India) Limited
INE250K01012,DLINKINDIA,D-Link (India) Limited
INE250Z01010,INDOUS,Indo Us Biotech Limited
INE251B01027,ZENTEC,Zen Technologies Limited
INE251C01025,ABMINTLLTD,ABM International Limited
INE251H01024,GVKPIL,GVK Power & Infrastructure Limited
INE253B01015,21STCENMGM,21st Century Management Services Limited
INE254N01026,HNDFDS,Hindustan Foods Limited
INE255A01020,EPL,EPL Limited
INE255D01024,GULPOLY,Gulshan Polyols Limited
INE255X01014,MSTCLTD,Mstc Limited
INE255Z01027,E2E,E2E Networks Limited
INE256A01028,ZEEL,Zee Entertainment Enterprises Limited
INE256C01024,TRIVENI,Triveni Engineering & Industries Limited
INE256H01015,DYNPRO,Dynemic Products Limited
INE256Z01025,AKSHAR,Akshar Spintex Limited
INE257A01026,BHEL,Bharat Heavy Electricals Limited
INE258A01024,BEML,BEML Limited
INE258B01022,FDC,FDC Limited
INE258G01013,SUMICHEM,Sumitomo Chemical India Limited
INE258R01028,PANORAMA,Panorama Studios International Limited
INE258Y01016,LGHL,Laxmi Goldorna House Limited
INE259A01022,COLPAL,Colgate Palmolive (India) Limited
INE25E901019,OMPOWER,Om Power Transmission Limited
INE260B01028,GODFRYPHLP,Godfrey Phillips India Limited
INE260D01016,OLECTRA,Olectra Greentech Limited
INE260R01016,DHABRIYA,Dhabriya Polywood Limited
INE262A01018,HMT,HMT Limited
INE262H01021,PERSISTENT,Persistent Systems Limited
INE262Z01023,LATTEYS,Latteys Industries Limited
INE263A01024,BEL,Bharat Electronics Limited
INE263M01029,RUSTOMJEE,Keystone Realtors Limited
INE263W01010,MAHESHWARI,Maheshwari Logistics Limited
INE264T01014,CAPACITE,Capacit'e Infraprojects Limited
INE265B01019,NITTAGELA,Nitta Gelatin India Limited
INE265D01015,GKB,GKB Ophthalmics Limited
INE265F01028,ENIL,Entertainment Network (India) Limited
INE266D01021,GRAUWEIL,Grauer & Weil India Limited
INE266F01018,APTECHT,Aptech Limited
INE266Y01019,DPABHUSHAN,D. P. Abhushan Limited
INE267A01025,HINDZINC,Hindustan Zinc Limited
INE268B01013,KREBSBIO,Krebs Biochemicals and Industries Limited
INE268H01044,NAVKARURB,Navkar Urbanstructure Limited
INE268L01046,SHEKHAWATI,Shekhawati Industries Limited
INE269A01021,SONATSOFTW,Sonata Software Limited
INE269B01029,LMW,LMW Limited
INE270A01029,ALOKINDS,Alok Industries Limited
INE270B01035,MAFATIND,Mafatlal Industries Limited
INE270I01022,VISHNU,Vishnu Chemicals Limited
INE271B01025,MAHSEAMLES,Maharashtra Seamless Limited
INE271C01023,DLF,DLF Limited
INE272L01022,SURANASOL,Surana Solar Limited
INE273D01027,VGL,VARVEE GLOBAL LIMITED
INE274C01019,WENDT,Wendt (India) Limited
INE274F01020,WESTLIFE,WESTLIFE FOODWORLD LIMITED
INE274J01014,OIL,Oil India Limited
INE274K01012,BTTL,Bhilwara Technical Textiles Limited
INE274V01019,SHANKARA,Shankara Building Products Limited
INE274Y01021,AJAXENGG,Ajax Engineering Limited
INE275B01026,HUHTAMAKI,Huhtamaki India Limited
INE275D01022,AMNPLST,Amines & Plasticizers Limited
INE276A01018,GARFIBRES,Garware Technical Fibres Limited
INE276C01014,EIHAHOTELS,EIH Associated Hotels Limited
INE276G01015,ASIANENE,Asian Energy Services Limited
INE277A01016,SWARAJENG,Swaraj Engines Limited
INE277B01014,PUNJABCHEM,Punjab Chemicals & Crop Protection Limited
INE277C01012,REGENCERAM,Regency Ceramics Limited
INE278B01020,RAMANEWS,Shree Rama Newsprint Limited
INE278G01037,CYBERMEDIA,Cyber Media (India) Limited
INE278H01035,SANDHAR,Sandhar Technologies Limited
INE278M01019,NAVKARCORP,Navkar Corporation Limited
INE278R01034,DHARAN,DHARAN INFRA-EPC LIMITED
INE278Y01022,CAMPUS,Campus Activewear Limited
INE279A01012,UNIVCABLES,Universal Cables Limited
INE280A01028,TITAN,Titan Company Limited
INE280B01018,ELANTAS,Elantas Beck India Limited
INE280H01015,SAHYADRI,Sahyadri Industries Limited
INE281A01026,CENTEXT,Century Extrusions Limited
INE281A20018,CENTEXT-RE,Century Extrusions Limited-RE
INE281B01032,LLOYDSME,Lloyds Metals And Energy Limited
INE283A01014,PRECOT,Precot Limited
INE283H01019,ROHLTD,Royal Orchid Hotels Limited
INE284A01012,ESABINDIA,Esab India Limited
INE284B01028,TGVSL,TGV Sraac Limited
INE284H01025,DAMCAPITAL,Dam Capital Advisors Limited
INE284S01014,SJS,S.J.S. Enterprises Limited
INE285A01027,ELGIEQUIP,Elgi Equipments Limited
INE285C01015,VOITHPAPR,Voith Paper Fabrics India Limited
INE285H01022,ATLANTAA,ATLANTAA LIMITED
INE285J01028,SIS,SIS LIMITED
INE285K01026,TECHNOE,Techno Electric & Engineering Company Limited
INE286H01012,VISACHROME,VISA Chrome Limited
INE286N01028,PRISMX,Prismx Global Ventures Limited
INE287B01021,SUBROS,Subros Limited
INE287C01037,MICEL,MIC Electronics Limited
INE287Z01012,GAYAHWS,Gayatri Highways Limited
INE288A01013,MAHSCOOTER,Maharashtra Scooters Limited
INE288B01029,DEEPAKNTR,Deepak Nitrite Limited
INE289A01011,NAHARINDUS,Nahar Industrial Enterprises Limited
INE289B01019,GICHSGFIN,GIC Housing Finance Limited
INE289C01025,TEAMGTY,Team India Guaranty Limited
INE28GN01010,ADVENTHTL,Advent Hotels International Limited
INE290A01027,NAHARSPING,Nahar Spinning Mills Limited
INE290E01011,YOGI,Yogi Limited
INE290S01011,CARTRADE,Cartrade Tech Limited
INE291A01017,GRWRHITECH,Garware Hi-Tech Films Limited
INE291D01011,KDDL,KDDL Limited
INE291E01019,PML,Paul Merchants Limited
INE291W01037,GLOBAL,Global Education Limited
INE292B01021,HBLENGINE,HBL Engineering Limited
INE293B01029,HAVISHA,Sri Havisha Hospitality and Infrastructure Limited
INE294B01019,SMLMAH,SML Mahindra Limited
INE294G01026,ROML,Raj Oil Mills Limited
INE294Z01018,ANUP,The Anup Engineering Limited
INE295A01018,EVERESTIND,Everest Industries Limited
INE295D01020,NACLIND,NACL Industries Limited
INE295F01017,BUTTERFLY,Butterfly Gandhimathi Appliances Limited
INE296A01032,BAJFINANCE,Bajaj Finance Limited
INE296C01020,FIBERWEB,Fiberweb (India) Limited
INE296E01026,RAJPALAYAM,Rajapalayam Mills Limited
INE296G01013,MUTHOOTCAP,Muthoot Capital Services Limited
INE296H01011,EMKAY,Emkay Global Financial Services Limited
INE296Q01012,MONEYBOXX,Moneyboxx Finance Limited
INE297H01019,GALLANTT,Gallantt Ispat Limited
INE298A01020,CUMMINSIND,Cummins India Limited
INE298G01035,AJMERA,Ajmera Realty & Infra India Limited
INE298I01015,ARIES,Aries Agro Limited
INE298J01013,NAM-INDIA,Nippon Life India Asset Management Limited
INE298W01016,CHEMCRUX,Chemcrux Enterprises Limited
INE299D01022,HAMPTON,Hampton Sky Realty Limited
INE299N01021,WAAREERTL,Waaree Renewable Technologies Limited
INE299U01018,CROMPTON,Crompton Greaves Consumer Electricals Limited
INE2FMX01012,AASTHA,Aastha Spintex Limited
INE2J8701016,SKFINDUS,SKF India (Industrial) Limited
INE2KCE01013,KWIL,Kwality Wall's (India) Limited
INE301A01014,RAYMOND,Raymond Limited
INE301D01026,RUBYMILLS,The Ruby Mills Limited
INE302A01020,EXIDEIND,Exide Industries Limited
INE302D01024,RIR,RIR Power Electronics Limited
INE303A01010,DICIND,DIC India Limited
INE303R01014,KALYANKJIL,Kalyan Jewellers India Limited
INE304A01026,MUKANDLTD,Mukand Limited
INE304D01012,SAMBANDAM,Sambandam Spinning Mills Limited
INE304W01038,BLUESTONE,BlueStone Jewellery and Lifestyle Limited
INE305A01023,TFCILTD,Tourism Finance Corporation of India Limited
INE305C01029,PANAMAPET,Panama Petrochem Limited
INE306A01021,BAJAJHIND,Bajaj Hindusthan Sugar Limited
INE306C01019,ENERGYDEV,Energy Development Company Limited
INE306L01010,QUICKHEAL,Quick Heal Technologies Limited
INE306R01017,INTELLECT,Intellect Design Arena Limited
INE308A01027,NAHARPOLY,Nahar Poly Films Limited
INE308E01029,SVPGLOB,SVP GLOBAL TEXTILES LIMITED
INE309M01020,PREMIERPOL,Premier Polyfilm Limited
INE310A01015,NILKAMAL,Nilkamal Limited
INE310C01029,HINDCOMPOS,Hindustan Composites Limited
INE311M01018,SHRADDHA,Shraddha Prime Projects Limited
INE312C01025,SYNCOMF,Syncom Formulations (India) Limited
INE313L01016,RSL,Rajputana Stainless Limited
INE314C01013,SOMATEX,Soma Textiles & Industries Limited
INE314G01014,KALYANIFRG,Kalyani Forge Limited
INE314H01012,TECHNVISN,TechNVision Ventures Limited
INE314T01033,GOKULAGRO,Gokul Agro Resources Limited
INE316A01038,ECORECO,Eco Recycling Limited
INE316L01019,BHARATWIRE,Bharat Wire Ropes Limited
INE317F01035,NESCO,Nesco Limited
INE317I01021,METROBRAND,Metro Brands Limited
INE318A01026,PIDILITIND,Pidilite Industries Limited
INE318C01014,SAYAJIHOTL,Sayaji Hotels Limited
INE318D01020,ZENITHSTL,Zenith Steel Pipes & Industries Limited
INE319B01014,BYKE,The Byke Hospitality Ltd
INE319Y01024,TIRUPATIFL,Tirupati Forge Limited
INE319Z01021,SUPREMEENG,Supreme Engineering Limited
INE320B01020,CENTUM,Centum Electronics Limited
INE320I01017,BRAHMINFRA,Brahmaputra Infrastructure Limited
INE320J01015,RITES,RITES Limited
INE320L01011,DHUNINV,Dhunseri Investments Limited
INE320X01016,HALEOSLABS,HALEOS LABS LIMITED
INE321M01017,SONAL,Sonal Mercantile Limited
INE321T01012,DOMS,DOMS Industries Limited
INE322A01010,GILLETTE,Gillette India Limited
INE323A01026,BOSCHLTD,Bosch Limited
INE323B01024,AVONMORE,Avonmore Capital & Management Services Limited
INE323C01030,INDIANHUME,Indian Hume Pipe Company Limited
INE323I01011,PURVA,Puravankara Limited
INE323J01019,SOMICONVEY,Somi Conveyor Beltings Limited
INE324A01032,JINDALSAW,Jindal Saw Limited
INE324D01010,LGEINDIA,LG Electronics India Limited
INE324L01013,RPPINFRA,R.P.P. Infra Projects Limited
INE324X01026,SARVESHWAR,Sarveshwar Foods Limited
INE325A01013,TIMKEN,Timken India Limited
INE325C01035,DOLLAR,Dollar Industries Limited
INE325D01025,SINDHUTRAD,Sindhu Trade Links Limited
INE326A01037,LUPIN,Lupin Limited
INE326B01035,ALMONDZ,Almondz Global Securities Limited
INE326T01011,NIRAJISPAT,Niraj Ispat Industries Limited
INE327G01032,SAYAJIIND,Sayaji Industries Limited
INE330E01023,TRANSCOR,Transcorp International Limited
INE330H01018,RCOM,Reliance Communications Limited
INE330T01021,HAPPYFORGE,Happy Forgings Limited
INE331A01037,RAMCOCEM,The Ramco Cements Limited
INE332A01027,THOMASCOOK,Thomas Cook  (India)  Limited
INE332H01014,INDOTECH,Indo Tech Transformers Limited
INE333I01044,NEUEON,Neueon Corporation Limited
INE334A01023,STERTOOLS,Sterling Tools Limited
INE335A01020,SURYAROSNI,Surya Roshni Limited
INE335K01011,COFFEEDAY,Coffee Day Enterprises Limited
INE335W01016,GANGESSECU,Ganges Securities Limited
INE335Y01020,IRCTC,Indian Railway Catering And Tourism Corporation Limited
INE336H01023,GAYAPROJ,Gayatri Projects Limited
INE336X01012,TOTAL,Total Transport Systems Limited
INE337A01034,LGBBROSLTD,LG Balakrishnan & Bros Limited
INE337M01021,INDOTHAI,Indo Thai Securities Limited
INE338A01024,TIRUMALCHM,Thirumalai Chemicals Limited
INE338D01028,BODALCHEM,Bodal Chemicals Limited
INE338F01015,KLBRENG-B,Kilburn Engineering Limited
INE338H01029,CONCORDBIO,Concord Biotech Limited
INE338I01027,MOTILALOFS,Motilal Oswal Financial Services Limited
INE340A01012,BIRLACORPN,Birla Corporation Limited
INE341H01023,LKPSEC,LKP Securities Limited
INE341R01014,DTIL,Dhunseri Tea & Industries Limited
INE342A01018,PREMIER,Premier Limited
INE342G01023,NIITMTS,NIIT Learning Systems Limited
INE342J01019,ZFCVINDIA,ZF Commercial Vehicle Control Systems India Limited
INE343B01030,RAJESHEXPO,Rajesh Exports Limited
INE343G01021,BHARTIHEXA,Bharti Hexacom Limited
INE343H01029,SOLARINDS,Solar Industries India Limited
INE344D01018,KAMANWALA,Kamanwala Housing Construction Limited
INE344S01016,INFOBEAN,InfoBeans Technologies Limited
INE344T01014,BELLACASA,Bella Casa Fashion & Retail Limited
INE345A01011,HINDOILEXP,Hindustan Oil Exploration Company Limited
INE345H01024,CIFL,Capital India Finance Limited
INE346A01027,ICICIAMC,ICICI Prudential Asset Management Company Limited
INE346W01013,APEX,Apex Frozen Foods Limited
INE347A01017,MANGLMCEM,Mangalam Cement Limited
INE347G01014,PETRONET,Petronet LNG Limited
INE347W01011,MAGADSUGAR,Magadh Sugar & Energy Limited
INE348A01023,ASHAPURMIN,Ashapura Minechem Limited
INE348B01021,CENTURYPLY,Century Plyboards (India) Limited
INE348L01012,MASFIN,MAS Financial Services Limited
INE348N01042,KDGREEN,KD Green Industries Limited
INE349A01021,NRBBEARING,NRB Bearing Limited
INE349W01017,AVADHSUGAR,Avadh Sugar & Energy Limited
INE349Y01013,IDEAFORGE,Ideaforge Technology Limited
INE350C01017,OPTIEMUS,Optiemus Infracom Limited
INE350H01032,BLKASHYAP,B. L. Kashyap and Sons Limited
INE350Z01018,GLOSTERLTD,Gloster Limited
INE351A01035,UNICHEMLAB,Unichem Laboratories Limited
INE351F01018,JPPOWER,Jaiprakash Power Ventures Limited
INE351Y01019,BETA,Beta Drugs Limited
INE353A01023,NDLVENTURE,NDL Ventures Limited
INE353H01010,SGL,STL Global Limited
INE353K01014,ITDC,India Tourism Development Corporation Limited
INE354A01013,JENBURPH,Jenburkt Pharmaceuticals Limited
INE354C01027,BHAGERIA,Bhageria Industries Limited
INE355A01028,SOMANYCERA,Somany Ceramics Limited
INE356A01018,MPHASIS,MphasiS Limited
INE356B01024,SYSTMTXC,Systematix Corporate Services Limited
INE358A01014,ABBOTINDIA,Abbott India Limited
INE358U01012,ZOTA,Zota Health Care LImited
INE359B01010,VEDAVAAG,VEDAVAAG Systems Limited
INE359U01028,LANCER,Lancer Container Lines Limited
INE360C01024,DPSCLTD,DPSC Limited
INE360L01017,FMNL,Future Market Networks Limited
INE361B01024,DIVISLAB,Divi's Laboratories Limited
INE361K01017,GRADIENTE,Gradiente Infotainment Limited
INE362A01016,PVP,PVP Ventures Limited
INE362D01010,VIJSOLX,Vijay Solvex Limited
INE363A01022,ASIANHOTNR,Asian Hotels (North) Limited
INE363M01019,SHEMAROO,Shemaroo Entertainment Limited
INE364A01020,JAYSREETEA,Jayshree Tea & Industries Limited
INE364U01010,ADANIGREEN,Adani Green Energy Limited
INE364Z01019,REPL,Rudrabhishek Enterprises Limited
INE365B01017,DATAMATICS,Datamatics Global Services Limited
INE365D01021,ASHIANA,Ashiana Housing Limited
INE365I01020,NBIFIN,N. B. I. Industrial Finance Company Limited
INE365O01028,ABANSENT,Abans Enterprises Limited
INE365Y01019,BPLPHARMA,Bharat Parenterals Limited
INE366A01041,DWARKESH,Dwarikesh Sugar Industries Limited
INE366C01021,ACSTECH,ACS Technologies Limited
INE366I01010,VRLLOG,VRL Logistics Limited
INE367G01038,PFOCUS,Prime Focus Limited
INE368I01016,NIRAJ,Niraj Cement Structurals Limited
INE368U01029,UNITEDPOLY,United Polyfab Gujarat Limited
INE369A01029,EXCELINDUS,Excel Industries Limited
INE369C01017,NORBTEAEXP,Norben Tea & Exports Limited
INE369I01014,IL&FSENGG,IL&FS Engineering and Construction Company Limited
INE370D01013,MANORG,Mangalam Organics Limited
INE370E01029,VIVIDHA,Visagar Polytex Limited
INE371A01025,GRAPHITE,Graphite India Limited
INE371C01013,PODDARMENT,Poddar Pigments Limited
INE371P01015,AMBER,Amber Enterprises India Limited
INE372A01015,APARINDS,Apar Industries Limited
INE372C01037,PRECWIRE,Precision Wires India Limited
INE372E01025,BIRLAPREC,Birla Precision Technologies Limited
INE372M01010,ARCL,ARCL Organics Limited
INE373A01013,BASF,BASF India Limited
INE373T01047,BLUECLOUDS,Blue Cloud Softech Solutions Limited
INE374B01019,MUKTAARTS,Mukta Arts Limited
INE375Y01018,RELIABLE,Reliable Data Services Limited
INE376G01013,BIOCON,Biocon Limited
INE377E01024,COASTCORP,Coastal Corporation Limited
INE377N01017,WAAREEENER,Waaree Energies Limited
INE377Y01014,BAJAJHFL,Bajaj Housing Finance Limited
INE378D01032,MADHUCON,Madhucon Projects Limited
INE379A01028,ITCHOTELS,ITC Hotels Limited
INE380K01017,VIVOBIOT,Vivo Bio Tech Limited
INE382M01027,UFBL,United Foodbrands Limited
INE382T01030,GVPTECH,GVP Infotech Limited
INE382Z01011,GRSE,Garden Reach Shipbuilders & Engineers Limited
INE383A01012,INDIACEM,The India Cements Limited
INE383H01017,MALUPAPER,Malu Paper Mills Limited
INE383L01019,PARNAXLAB,Parnax Lab Limited
INE384A01010,RANEHOLDIN,Rane Holdings Limited
INE384C01016,YUKEN,Yuken India Limited
INE385C01021,SARDAEN,Sarda Energy & Minerals Limited
INE385F01024,SGMART,SG Mart Limited
INE385I01010,ALPA,Alpa Laboratories Limited
INE385W01011,DCAL,Dishman Carbogen Amcis Limited
INE386A01023,VESUVIUS,Vesuvius India Limited
INE386C01029,ASTRAMICRO,Astra Microwave Products Limited
INE386D01027,SBCL,Shivalik Bimetal Controls Limited
INE387A01021,SUNDRMFAST,Sundram Fasteners Limited
INE387I01016,MAGNUM,Magnum Ventures Limited
INE388A01029,GANESHBE,Ganesh Benzoplast Limited
INE388G01026,TICL,Twamev Construction and Infrastructure Limited
INE388Y01029,NYKAA,FSN E-Commerce Ventures Limited
INE389C01015,MALLCOM,Mallcom (India) Limited
INE389H01022,KEC,KEC International Limited
INE389K01018,WELINV,Welspun Investments and Commercials Limited
INE390D01011,TERAI,Terai Tea Company Limited
INE390G01014,GPTINFRA,GPT Infraprojects Limited
INE390H01020,KAMDHENU,Kamdhenu Limited
INE391D01019,TRF,TRF Limited
INE391J01032,JTLIND,JTL INDUSTRIES LIMITED
INE392A01021,VISAKAIND,Visaka Industries Limited
INE392B01011,PNC,PNC Media and Entertainment Limited
INE393A01011,DELTAMAGNT,Delta Manufacturing Limited
INE393P01035,DIAMONDYD,Prataap Snacks Limited
INE395H01011,STEELCITY,Steel City Securities Limited
INE395N01027,TVSSCS,TVS Supply Chain Solutions Limited
INE395U01014,NINSYS,NINtec Systems Limited
INE397D01024,BHARTIARTL,Bharti Airtel Limited
INE397H01017,LOKESHMACH,Lokesh Machines Limited
INE398A01010,VENKEYS,Venky's (India) Limited
INE398B01018,UMIYA-MRO,UMIYA BUILDCON LIMITED
INE398L01017,KANCOTEA,Kanco Tea & Industries Limited
INE398R01022,SYNGENE,Syngene International Limited
INE399C01030,SUPRAJIT,Suprajit Engineering Limited
INE399G01023,RKFORGE,Ramkrishna Forgings Limited
INE399K01017,RTNPOWER,RattanIndia Power Limited
INE399L01023,ATGL,Adani Total Gas Limited
INE400A01014,TUTIALKA,Tuticorin Alkali Chemicals & Fertilizers Limited
INE400G01011,HRYNSHP,Hariyana Ship Breakers Limited
INE401H01017,KKCL,Kewal Kiran Clothing Limited
INE402H01015,SHBAJRG,Shri Bajrang Alliance Limited
INE403F01017,THAKDEV,Thakkers Developers Limited
INE403Y01018,INNOVANA,Innovana Thinklabs Limited
INE404A01024,ABSLAMC,Aditya Birla Sun Life AMC Limited
INE405A01021,ULTRAMAR,Ultramarine & Pigments Limited
INE405C01035,LINCOLN,Lincoln Pharmaceuticals Limited
INE405E01023,UNOMINDA,UNO Minda Limited
INE406A01037,AUROPHARMA,Aurobindo Pharma Limited
INE406M01024,ERIS,Eris Lifesciences Limited
INE409B01013,SWELECTES,Swelect Energy Systems Limited
INE410B01037,VINATIORGA,Vinati Organics Limited
INE410P01011,NH,Narayana Hrudayalaya Ltd.
INE411B01019,VENUSREM,Venus Remedies Limited
INE411D01023,SKMEGGPROD,SKM Egg Products Export (India) Limited
INE411F01010,KAMAHOLD,Kama Holdings Limited
INE411H01032,RSYSTEMS,R Systems International Limited
INE411U01027,BAJAJHCARE,Bajaj Healthcare Limited
INE412C01023,JMA,Jullundur Motor Agency (Delhi) Limited
INE412G01024,BCLIND,Bcl Industries Limited
INE412U01025,BIGBLOC,Bigbloc Construction Limited
INE413B01023,RUCHINFRA,Ruchi Infrastructure Limited
INE413D01011,ARIHANT,Arihant Foundations & Housing Limited
INE413G01022,TPLPLASTEH,TPL Plastech Limited
INE414A01015,MADRASFERT,Madras Fertilizers Limited
INE414B01021,ANTGRAPHIC,Antarctica Limited
INE414D01027,BHAGCHEM,Bhagiradha Chemicals & Industries Limited
INE414G01012,MUTHOOTFIN,Muthoot Finance Limited
INE414Y01015,SGRL,Shree Ganesh Remedies Limited
INE415A01038,AGI,AGI Greenpac Limited
INE415B01044,MARSONS,Marsons Limited
INE415D01024,BHARATSE,Bharat Seats Limited
INE415G01027,RVNL,Rail Vikas Nigam Limited
INE415I01015,KIRIINDUS,Kiri Industries Limited
INE416A01051,AQYLON,Aqylon Nexus Limited
INE416D01022,BLISSGVS,Bliss GVS Pharma Limited
INE417B01040,DSSL,Dynacons Systems & Solutions Limited
INE417C01014,PILANIINVS,Pilani Investment and Industries Corporation Limited
INE417D01020,FEDDERSHOL,Fedders Holding Limited
INE417T01026,POLICYBZR,PB Fintech Limited
INE418E01018,PERMAGN,Permanent Magnets Limited
INE418H01029,ALLCARGO,Allcargo Logistics Limited
INE418L01047,NAZARA,Nazara Technologies Limited
INE418N01035,ESSENTIA,Integra Essentia Limited
INE419A01022,KOTARISUG,Kothari Sugars And Chemicals Limited
INE419D01026,CLSEL,Chaman Lal Setia Exports Limited
INE419M01035,TDPOWERSYS,TD Power Systems Limited
INE419U01012,HAPPSTMNDS,Happiest Minds Technologies Limited
INE420B01036,ARIHANTCAP,Arihant Capital Markets Limited
INE420C01059,PAISALO,Paisalo Digital Limited
INE421A01028,ABAN,Aban Offshore Limited
INE421C01016,TVSSRICHAK,TVS Srichakra Limited
INE421D01022,CCL,CCL Products (India) Limited
INE423A01024,ADANIENT,Adani Enterprises Limited
INE423Y01016,SBFC,SBFC Finance Limited
INE424C01010,GINNIFILA,Ginni Filaments Limited
INE424H01027,SUNTV,Sun TV Network Limited
INE425B01027,BCG,Brightcom Group Limited
INE425Y01011,RPSGVENT,RPSG VENTURES LIMITED
INE426A01027,ALEMBICLTD,Alembic Limited
INE426D01013,GOACARBON,Goa Carbon Limited
INE426Z01016,OBCL,OBCL Limited
INE427F01016,CHALET,Chalet Hotels Limited
INE428Q01011,SURYODAY,Suryoday Small Finance Bank Limited
INE428V01029,NEPHROPLUS,Nephrocare Health Services Limited
INE429E01023,SAFARI,Safari Industries (India) Limited
INE429I01024,CCCL,Consolidated Construction Consortium Limited
INE430N01022,VISHWARAJ,Vishwaraj Sugar Industries Limited
INE431F01018,PKTEA,The Peria Karamalai Tea & Produce Company Limited
INE432A01017,AMBALALSA,Ambalal Sarabhai Enterprises Limited
INE432F01032,EBIX,EBIX Limited
INE435A01051,ANDHRAPAP,ANDHRA PAPER LIMITED
INE435C01024,TEXINFRA,Texmaco Infrastructure & Holdings Limited
INE435D01014,MCCHRLS-B,Mac Charles India Limited
INE435G01025,DHANUKA,Dhanuka Agritech Limited
INE436A01026,ANSALAPI,Ansal Properties & Infrastructure Limited
INE437A01024,APOLLOHOSP,Apollo Hospitals Enterprise Limited
INE437B01014,KAKATCEM,Kakatiya Cement Sugar & Industries Limited
INE438A01022,APOLLOTYRE,Apollo Tyres Limited
INE438E01032,SIKA,Sika Interplant Systems Limited
INE438K01021,KALAMANDIR,Sai Silks (Kalamandir) Limited
INE439A01020,ASAHIINDIA,Asahi India Glass Limited
INE439E01022,SKIPPER,Skipper Limited
INE439T01012,NITIRAJ,Nitiraj Engineers Limited
INE440A01010,ASHIMASYN,Ashima Limited
INE440G01017,TRITONV,Triton Valves Limited
INE440L01017,TIJARIA,Tijaria Polypipes Limited
INE440T01028,SEIL,Shanti Educational Initiatives Limited
INE442D01010,MEDICAPQ,Medi Caps Limited
INE442H01029,ASHOKA,Ashoka Buildcon Limited
INE442P01014,SUYOG,Suyog Telematics Limited
INE445C01015,XPROINDIA,Xpro India Limited
INE445D01013,NILE,Nile Limited
INE446A01025,ATLASCYCLE,Atlas Cycles (Haryana) Limited
INE448G01010,NATHBIOGEN,Nath Bio-Genes (India) Limited
INE449A01011,AUTOAXLES,Automotive Axles Limited
INE449C01025,ANDREWYU,Andrew Yule & Company Limited
INE449G01018,AGRITECH,Agri-Tech (India) Limited
INE450D01021,PITTIENG,Pitti Engineering Limited
INE450E01029,SUKHJITS,Sukhjit Starch & Chemicals Limited
INE450G01024,VIPCLOTHNG,VIP Clothing Limited
INE450U01017,ROUTE,ROUTE MOBILE LIMITED
INE451A01017,FORCEMOT,FORCE MOTORS LTD
INE451C01013,ACGL,Automobile Corporation of Goa Limited
INE451D01029,RAJRATAN,Rajratan Global Wire Limited
INE451F01024,APOLSINHOT,Apollo Sindoori Hotels Limited
INE451L01014,MAHASTEEL,Mahamaya Steel Industries Limited
INE452L01012,INCREDIBLE,INCREDIBLE INDUSTRIES LIMITED
INE452O01016,FLFL,Future Lifestyle Fashions Limited
INE453B01029,COMPUSOFT,Compucom Software Limited
INE453D01025,SARLAPOLY,Sarla Performance Fibers Limited
INE454P01035,TRANSRAILL,Transrail Lighting Limited
INE455I01029,KSCL,Kaveri Seed Company Limited
INE455K01017,POLYCAB,Polycab India Limited
INE455U01024,PRASOLCHEM,Prasol Chemicals Limited
INE456Z01021,MEDIASSIST,Medi Assist Healthcare Services Limited
INE457A01014,MAHABANK,Bank of Maharashtra
INE457F01013,SALZERELEC,Salzer Electronics Limited
INE457G01029,ORIRAIL,Oriental Rail Infrastructure Limited
INE457L01029,PGEL,PG Electroplast Limited
INE457P01020,TOYAMSL,Toyam Sports Limited
INE458B01036,BHAGYANGR,Bhagyanagar India Limited
INE458F01011,UNITEDTEA,The United Nilgiri Tea Estates Company Limited
INE459A01010,BANARISUG,Bannari Amman Sugars Limited
INE459N01021,MANIPALHOS,Manipal Health Enterprises Limited
INE460C01014,GANESHHOU,GANESH HOUSING LIMITED
INE460D01038,SUPTANERY,Super Tannery Limited
INE460H01021,STARCEMENT,Star Cement Limited
INE461B01014,REPRO,Repro India Limited
INE461C01038,GREENPLY,Greenply Industries Limited
INE461D01028,HLEGLAS,HLE Glascoat Limited
INE462A01022,BAYERCROP,Bayer Cropscience Limited
INE463A01038,BERGEPAINT,Berger Paints (I) Limited
INE463V01026,ANANDRATHI,Anand Rathi Wealth Limited
INE464A01036,BBL,Bharat Bijlee Limited
INE465A01025,BHARATFORG,Bharat Forge Limited
INE466L01038,360ONE,360 ONE WAM LIMITED
INE467B01029,TCS,Tata Consultancy Services Limited
INE467D01017,VIRAT,Virat Industries Limited
INE469A01019,BIMETAL,Bimetal Bearings Limited
INE470A01017,3MINDIA,3M India Limited
INE470Y01017,NIACL,The New India Assurance Company Limited
INE471W01019,PALASHSECU,Palash Securities Limited
INE472A01039,BLUESTARCO,Blue Star Limited
INE472B01011,BLUECOAST,Blue Coast Hotels Limited
INE472M01018,MTEDUCARE,MT Educare Limited
INE473A01011,LINDEINDIA,Linde India Limited
INE473B01035,HATSUN,Hatsun Agro Product Limited
INE473D01015,KINGFA,Kingfa Science & Technology (India) Limited
INE474C01023,REMSONSIND,Remsons Industries Limited
INE474E01029,BHANDARI,Bhandari Hosiery Exports Limited
INE474Q01031,MEDANTA,Global Health Limited
INE475B01022,HIKAL,Hikal Limited
INE475E01026,CAPLIPOINT,Caplin Point Laboratories Limited
INE476A01022,CANBK,Canara Bank
INE477A01020,CANFINHOME,Can Fin Homes Limited
INE477B01010,DVL,Dhunseri Ventures Limited
INE478D01014,ITL,ITL Industries Limited
INE479D01038,KRITI,Kriti Industries (India) Limited
INE480C01038,SDBL,Som Distilleries & Breweries Limited
INE480M01011,THOMASCOTT,Thomas Scott (India) Limited
INE481G01011,ULTRACEMCO,UltraTech Cement Limited
INE481N01025,HOMEFIRST,Home First Finance Company India Limited
INE481Y01014,GICRE,General Insurance Corporation of India
INE481Z01011,UNIINFO,Uniinfo Telecom Services Limited
INE482A01020,CEATLTD,CEAT Limited
INE482B01010,TERASOFT,Tera Software Limited
INE482D01024,CARYSIL,CARYSIL LIMITED
INE482J01021,SHAH,Shah Metacorp Limited
INE483A01010,CENTRALBK,Central Bank of India
INE483B01026,ICIL,Indo Count Industries Limited
INE483C01032,TANLA,Tanla Platforms Limited
INE483S01020,CCAVENUE,AvenuesAI Limited
INE484C01030,VEEDOL,Veedol Corporation Limited
INE484D01012,AMARJOTHI,Amarjothi Spinning Mills Limited
INE484I01029,PRECAM,Precision Camshafts Limited
INE484J01027,GODREJPROP,Godrej Properties Limited
INE485A01015,CENTENKA,Century Enka Limited
INE485C01029,IOLCP,IOL Chemicals and Pharmaceuticals Limited
INE486A01021,CESC,CESC Limited
INE486R01017,GPTHEALTH,GPT Healthcare Limited
INE486Y01013,TOUCHWOOD,Touchwood Entertainment Limited
INE488A01050,CHEMPLASTS,Chemplast Sanmar Limited
INE488B01017,TASTYBITE,Tasty Bite Eatables Limited
INE488D01021,AVTNPL,AVT Natural Products Limited
INE488V01015,PSPPROJECT,PSP Projects Limited
INE489D01011,BNALTD,B & A Limited
INE489G01022,ANUHPHR,Anuh Pharma Limited
INE489L01022,IIFLCAPS,IIFL Capital Services Limited
INE490G01020,MOIL,MOIL Limited
INE491A01021,CUB,City Union Bank Limited
INE491J01022,ASKAUTOLTD,ASK Automotive Limited
INE491V01019,CROWN,Crown Lifters Limited
INE492A01029,SUDARCOLOR,Sudarshan Colorants India Limited
INE493H01014,MPDL,MPDL Limited
INE494B01023,TVSMOTOR,TVS Motor Company Limited
INE495A01022,DALMIASUG,Dalmia Bharat Sugar and Industries Limited
INE495B01038,SUVEN,Suven Life Sciences Limited
INE495C01010,SANGAMIND,Sangam (India) Limited
INE495P01020,BECTORFOOD,Mrs. Bectors Food Specialities Limited
INE495S01016,HPL,HPL Electric & Power Limited
INE497B01018,SEAMECLTD,Seamec Limited
INE497D01022,DAMODARIND,Damodar Industries Limited
INE497S01012,GODAVARIB,Godavari Biorefineries Limited
INE498A01018,DCM,DCM  Limited
INE498B01024,SHOPERSTOP,Shoppers Stop Limited
INE498E01010,SALONA,Salona Cotspin Limited
INE498L01015,LTF,L&T Finance Limited
INE498Q01014,VINCOFE,Vintage Coffee And Beverages Limited
INE499A01024,DCMSHRIRAM,DCM Shriram Limited
INE500A01029,DCW,DCW Limited
INE500L01026,SHK,S H Kelkar and Company Limited
INE500X01013,LEXUS,Lexus Granito (India) Limited
INE501A01019,DEEPAKFERT,Deepak Fertilizers and Petrochemicals Corporation Limited
INE501F01018,PBMPOLY,PBM Polytex Limited
INE501G01024,HTMEDIA,HT Media Limited
INE501X01029,AYE,Aye Finance Limited
INE501Y01019,SCPL,Sheetal Cool Products Limited
INE503A01015,DCBBANK,DCB Bank Limited
INE503B01021,STEELXIND,STEEL EXCHANGE INDIA LIMITED
INE505A01010,DMCC,DMCC SPECIALITY CHEMICALS LIMITED
INE505C01016,PRAENG,Prajay Engineers Syndicate Limited
INE505M01015,ADROITIND,Adroit Industries (India) Limited
INE505V01016,EUROBOND,Euro Panel Products Limited
INE505Y01010,VINEETLAB,Vineet Laboratories Limited
INE506A01018,DREDGECORP,Dredging Corporation of India Limited
INE506D01020,HALDYNGL,Haldyn Glass Limited
INE506V01022,RUBICON,Rubicon Research Limited
INE506W01020,KRISHANA,Krishana Phoschem Limited
INE506Z01015,DHRUV,Dhruv Consultancy Services Limited
INE507F01023,EMPOWER,Empower India Limited
INE508G01029,TIMETECHNO,Time Technoplast Limited
INE508K01013,RHL,Robust Hotels Limited
INE509F01029,CUPID,Cupid Limited
INE510A01028,ENGINERSIN,Engineers India Limited
INE510W01014,INOXGREEN,Inox Green Energy Services Limited
INE511C01022,POONAWALLA,Poonawalla Fincorp Limited
INE511Y01018,MMP,MMP Industries Limited
INE512B01022,FCSSOFT,FCS Software Solutions Limited
INE513A01022,SCHAEFFLER,Schaeffler India Limited
INE514Y01020,MOKSH,Moksh Ornaments Limited
INE515A01019,COCKERILL,John Cockerill India Limited
INE515C01023,LAHOTIOV,Lahoti Overseas Limited
INE515H01014,EMPIND,Empire Industries Limited
INE516A01017,UFLEX,UFLEX Limited
INE517B01013,TTML,Tata Teleservices (Maharashtra) Limited
INE517F01014,GPPL,Gujarat Pipavav Port Limited
INE518E01015,ZIMLAB,Zim Laboratories Limited
INE519A01011,FOSECOIND,Foseco India Limited
INE519C01017,SUMMITSEC,Summit Securities Limited
INE519D01015,LADDERUP,Ladderup Finance Limited
INE520A01027,ZENSARTECH,Zensar Technologies Limited
INE520H01022,BEARDSELL,Beardsell Limited
INE520Y01019,ICEMAKE,Ice Make Refrigeration Limited
INE521J01018,CPCAP,CP Capital Limited
INE522D01027,MANAPPURAM,Manappuram Finance Limited
INE522F01014,COALINDIA,Coal India Limited
INE523B01011,AKSHOPTFBR,Aksh Optifibre Limited
INE524A01029,GABRIEL,Gabriel India Limited
INE524B01027,GANDHITUBE,Gandhi Special Tubes Limited
INE524L01026,KRIDHANINF,Kridhan Infra Limited
INE524T01029,TAALTECH,Taal Tech Limited
INE525F01025,BLIL,Balmer Lawrie Investments Limited
INE526B01014,CALSOFT,California Software Company Limited
INE526E01018,SHRIPISTON,SPR Auto Technologies Limited
INE526G01021,VIVIMEDLAB,Vivimed Labs Limited
INE527H01019,UFO,UFO Moviez India Limited
INE528A01020,GKWLIMITED,GKW Limited
INE528G01035,YESBANK,Yes Bank Limited
INE529A01010,FMGOETZE,Federal-Mogul Goetze (India) Limited.
INE529D01014,PATINTLOG,Patel Integrated Logistics Limited
INE529F01035,SIGIND,Signet Industries Limited
INE529I01021,KUANTUM,Kuantum Papers Limited
INE530B01024,IIFL,IIFL Finance Limited
INE531A01024,KANSAINER,Kansai Nerolac Paints Limited
INE531E01026,HINDCOPPER,Hindustan Copper Limited
INE531F01023,NUVAMA,Nuvama Wealth Management Limited
INE531X01018,SAICAPI,Sai Capital Limited
INE532F01054,EDELWEISS,Edelweiss Financial Services Limited
INE533A01012,GOODYEAR,Goodyear India Limited
INE533C01018,KJMCFIN,KJMC Financial Services Limited
INE533D01032,RAJRILTD,Raj Rayon Industries Limited
INE534A01028,GFSTEELS,Grand Foundry Limited
INE535D01037,ROTO,Roto Pumps Limited
INE535F01024,RAJOOENG,Rajoo Engineers Limited
INE536A01023,GRINDWELL,Grindwell Norton Limited
INE536H01010,CIEINDIA,CIE Automotive India Limited
INE536P01021,CPL,Captain Polyplast Limited
INE537F01012,MODINATUR,Modi Naturals Limited
INE538A01037,GFLLIMITED,GFL Limited
INE539A01019,GHCL,GHCL Limited
INE539B01017,VIRINCHI,Virinchi Limited
INE540A01017,GLFL,Gujarat Lease Financing Limited
INE540G01014,AMBIKCO,Ambika Cotton Mills Limited
INE540H01012,VOLTAMP,Voltamp Transformers Limited
INE540L01014,ALKEM,Alkem Laboratories Limited
INE541A01023,GMMPFAUDLR,GMM Pfaudler Limited
INE542B01011,AKSHARCHEM,AksharChem India Limited
INE542C01019,NKIND,NK Industries Limited
INE542F01020,SWANDEF,Swan Defence and Heavy Industries Limited
INE542W01025,KPIGREEN,KPI Green Energy Limited
INE542Z01028,KAPSTON,Kapston Services Limited
INE543V01017,ACEINTEG,Ace Integrated Solutions Limited
INE544A01019,HARRMALAYA,Harrisons  Malayalam Limited
INE544H01014,JHS,JHS Svendgaard Laboratories Limited
INE544R01021,GREENLAM,Greenlam Industries Limited
INE545A01024,HEGAM,HEG Advanced Materials Limited
INE545H01011,TIIL,Technocraft Industries (India) Limited
INE545L01039,MANCREDIT,Mangal Credit and Fincorp Limited
INE545U01014,BANDHANBNK,Bandhan Bank Limited
INE546C01010,PICCADIL,Piccadily Agro Industries Limited
INE546V01010,EIFFL,Euro India Fresh Foods Limited
INE546Y01022,PRAXIS,Praxis Home Retail Limited
INE547B01028,XTGLOBAL,Xtglobal Infotech Limited
INE547E01014,IMPAL,India Motor Parts and Accessories Limited
INE548A01028,HFCL,HFCL Limited
INE548C01032,EMAMILTD,Emami Limited
INE548Z01017,LAGNAM,Lagnam Spintex Limited
INE549A01026,HCC,Hindustan Construction Company Limited
INE549H01021,ARSSBL,Anand Rathi Share and Stock Brokers Limited
INE550B01022,HBSL,HB Stockholdings Limited
INE550C01020,URJA,Urja Global Limited
INE550F01049,HAZOOR,Hazoor Multi Projects Limited
INE550H01011,SUPREMEINF,Supreme Infrastructure India Limited
INE551B01012,UDAYJEW,Uday Jewellery Industries Limited
INE551C01044,SHUKRAPHAR,Shukra Pharmaceuticals Limited
INE551D01018,PAKKA,PAKKA LIMITED
INE551W01018,UJJIVANSFB,Ujjivan Small Finance Bank Limited
INE552D01024,CONFIPET,Confidence Petroleum India Limited
INE552U01010,KPL,Kwality Pharmaceuticals Limited
INE552Z01027,ABDL,Allied Blenders and Distillers Limited
INE553C01016,NECCLTD,North Eastern Carrying Corporation Limited
INE555B01013,AXISCADES,AXISCADES Technologies Limited
INE555C01029,SHIVACEM,Shiva Cement Limited
INE555P01013,KIRANVYPAR,Kiran Vyapar Limited
INE555Z01020,TARACHAND,Tara Chand InfraLogistic Solutions Limited
INE557A01011,BIRLANU,BirlaNu Limited
INE557B01019,LIBERTSHOE,Liberty Shoes Limited
INE557Z01018,PIGL,Power & Instrumentation (Gujarat) Limited
INE558A01019,IPRINGLTD,IP Rings Limited
INE558D01021,CORALFINAC,Coral India Finance & Housing Limited
INE558R01013,HECPROJECT,HEC Infra Projects Limited
INE559A01017,IFBIND,IFB Industries Limited
INE559D01011,CREST,Crest Ventures Limited
INE559N01010,SRGHFL,SRG Housing Finance Limited
INE559R01029,LANDMARK,Landmark Cars Limited
INE560A01023,INDIAGLYCO,India Glycols Limited
INE560K01014,PFS,PTC India Financial Services Limited
INE561C01019,BHARATGEAR,Bharat Gears Limited
INE561H01026,PARSVNATH,Parsvnath Developers Limited
INE561M01018,ISHANCH,Ishan Dyes and Chemicals Limited
INE562A01011,INDIANB,Indian Bank
INE562B01019,RAJSREESUG,Rajshree Sugars & Chemicals Limited
INE562X01013,UNIVASTU,Univastu India Limited
INE563J01010,ASTEC,Astec LifeSciences Limited
INE564J01026,SHRJAGP,Shri Jagdamba Polymers Limited
INE565A01014,IOB,Indian Overseas Bank
INE565L01011,ZEELEARN,Zee Learn Limited
INE565V01010,VALIANTORG,Valiant Organics Limited
INE566K01011,ISFT,Intrasoft Technologies Limited
INE566M01017,AZADIND,Azad India Mobility Limited
INE567A01028,NIPPOBATRY,Indo-National Limited
INE568Z01015,URAVIDEF,Uravi Defence and Technology Limited
INE569C01020,ORIENTCER,ORIENT CERATECH LIMITED
INE570A01022,IONEXCHANG,ION Exchange (India) Limited
INE570D01018,ARROWGREEN,Arrow Greentech Limited
INE570L01029,SAILIFE,Sai Life Sciences Limited
INE571A01038,IPCALAB,IPCA Laboratories Limited
INE571B01036,JAYBARMARU,Jay Bharat Maruti Limited
INE572D01014,FRONTSP,Frontier Springs Limited
INE572E01012,PNBHOUSING,PNB Housing Finance Limited
INE572G01025,LANCORHOL,Lancor Holdings Limited
INE572J01011,SPANDANA,Spandana Sphoorty Financial Limited
INE573A01042,JKTYRE,JK Tyre & Industries Limited
INE573K01025,RUSHIL,Rushil Decor Limited
INE573R01012,SEYAIND,Seya Industries Limited
INE574G01013,VASUPRADA,Shri Vasuprada Plantations Limited
INE575C01027,INTLCONV,International Conveyors Limited
INE575P01011,STARHEALTH,Star Health and Allied Insurance Company Limited
INE576I01022,JKIL,J.Kumar Infraprojects Limited
INE576O01020,LXCHEM,Laxmi Organic Industries Limited
INE577A01027,MUNJALSHOW,Munjal Showa Limited
INE577D01013,JYOTIRES,Jyoti Resins & Adhesives Limited
INE577L01016,STEL,Stel Holdings Limited
INE578A01017,HEIDELBERG,HeidelbergCement India Limited
INE579B01039,ELPROINTL,Elpro International Limited
INE579C01029,VIMTALABS,Vimta Labs Limited
INE581X01021,GLOBE,GLOBE ENTERPRISES (INDIA) LIMITED
INE583B01015,SANDESH,The Sandesh Limited
INE583C01021,DECCANCE,Deccan Cements Limited
INE583D01011,UGROCAP,Ugro Capital Limited
INE583L01014,AGSTRA,AGS Transact Technologies Limited
INE583R01029,PRITIKAUTO,Pritika Auto Industries Limited
INE583V01021,RADHIKAJWE,Radhika Jeweltech Limited
INE584A01023,NMDC,NMDC Limited
INE584F01014,MANGALAM,Mangalam Drugs And Organics Limited
INE585B01010,MARUTI,Maruti Suzuki India Limited
INE586B01026,TAJGVK,Taj GVK Hotels & Resorts Limited
INE586E01020,IWP,The Indian Wood Products Company Limited
INE586G01017,GULFPETRO,GP Petroleums Limited
INE586V01016,TCIEXP,TCI Express Limited
INE586X01012,GTECJAINX,G-TEC JAINX EDUCATION LIMITED
INE587G01015,KAYA,Kaya Limited
INE588G01021,MLKFOOD,Milkfood Limited
INE589A01014,NLCINDIA,NLC India Limited
INE590L01019,VASWANI,Vaswani Industries Limited
INE590T01012,KARAMTARA,Karamtara Engineering Limited
INE591A01010,OILCOUNTUB,Oil Country Tubular Limited
INE591D01014,DIAMINESQ,Diamines & Chemicals Limited
INE591G01025,COFORGE,Coforge Limited
INE592A01026,ORIENTPPR,Orient Paper & Industries Limited
INE592B01024,TTL,T T Limited
INE593W01028,FOCUS,Focus Lighting and Fixtures Limited
INE594B01012,BSL,BSL Limited
INE594H01019,THYROCARE,Thyrocare Technologies Limited
INE595R01023,EASTWEST,East West Freight Carriers Limited
INE596B01017,MUKESHB,Mukesh Babu Financial Services Limited
INE596F01018,PTCIL,PTC Industries Limited
INE596H01014,HGM,HandsOn Global Management (HGM) Limited
INE596I01020,CAMS,Computer Age Management Services Limited
INE597I01028,SHARDAMOTR,Sharda Motor Industries Limited
INE597J01018,SHALBY,Shalby Limited
INE597L01014,LOVABLE,Lovable Lingerie Limited
INE598C01011,HISARMETAL,Hisar Metal Industries Limited
INE598D01035,ALGOQUANT,Algoquant Fintech Limited
INE599M01018,JUSTDIAL,Just Dial Limited
INE600A01035,PILITA,PIL ITALICA LIFESTYLE LIMITED
INE600K01018,GALAXYSURF,Galaxy Surfactants Limited
INE600L01024,LALPATHLAB,Dr. Lal Path Labs Ltd.
INE600Y01019,DYCL,Dynamic Cables Limited
INE602A01031,PCBL,PCBL Chemical Limited
INE602G01020,KITEX,Kitex Garments Limited
INE602W01027,SENCO,Senco Gold Limited
INE603A01013,PRAKASH,Prakash Industries Limited
INE603J01030,PIIND,PI Industries Limited
INE605D01012,NEAGI,Neelamalai Agro Industries Limited
INE606A01024,AMJLAND,Amj Land Holdings Limited
INE606N01019,EXCELSOFT,Excelsoft Technologies Limited
INE607A01022,PRIMO,Primo Chemicals Limited
INE607D01018,ORIENTBELL,Orient Bell Limited
INE608A01012,PSB,Punjab & Sind Bank
INE609C01024,ORIENTLTD,Orient Press Limited
INE610B01024,GUJRAFFIA,Gujarat Raffia Industries Limited
INE610C01014,ARENTERP,Rajdarshan Industries Limited
INE610E01010,KALYANI,Kalyani Commercials Limited
INE611A01016,RSWM,RSWM Limited
INE611L01021,INDTERRAIN,Indian Terrain Fashions Limited
INE612J01015,REPCOHOME,Repco Home Finance Limited
INE613A01020,RALLIS,Rallis India Limited
INE613B01010,ICDSLTD,ICDS Limited
INE613C01026,MCLOUD,Magellanic Cloud Limited
INE614A01028,RAMCOIND,Ramco Industries Limited
INE614B01018,KTKBANK,The Karnataka Bank Limited
INE614G01033,RPOWER,Reliance Power Limited
INE615H01020,TITAGARH,TITAGARH RAIL SYSTEMS LIMITED
INE615I01010,GLOBUSSPR,Globus Spirits Limited
INE615P01015,QUESS,Quess Corp Limited
INE615R01029,TRU,TruCap Finance Limited
INE616F01022,RSDFIN,RSD Finance Limited
INE616N01034,INOXINDIA,INOX India Limited
INE616Z01012,YASHO,Yasho Industries Limited
INE617A01013,SEMAC,Semac Construction Limited
INE618L01018,5PAISA,5Paisa Capital Limited
INE618N01022,BALAXI,BALAXI PHARMACEUTICALS LIMITED
INE618R01015,SGFIN,SG Finserve Limited
INE619A01035,PATANJALI,Patanjali Foods Limited
INE619B01017,NEWGEN,Newgen Software Technologies Limited
INE619I01012,A2ZINFRA,A2Z Infra Engineering Limited
INE620D01011,INDPRUD,Industrial & Prudential Investment Company Limited
INE621H01010,RELIGARE,Religare Enterprises Limited
INE621L01012,TEXRAIL,Texmaco Rail & Engineering Limited
INE622H01018,INDOFARM,Indo Farm Equipment Limited
INE622W01025,ACMESOLAR,Acme Solar Holdings Limited
INE623A01011,SAKHTISUG,Sakthi Sugars Limited
INE623B01027,FEL,Future Enterprises Limited
INE624Z01016,SOLARA,Solara Active Pharma Sciences Limited
INE625B01014,RANASUG,Rana Sugars Limited
INE625G01013,WELENT,Welspun Enterprises Limited
INE625X01026,SILVERTUC,Silver Touch Technologies Limited
INE626A01014,SAURASHCEM,Saurashtra Cement Limited
INE626Z01029,HARDWYN,Hardwyn India Limited
INE627H01017,CTE,Cambridge Technology Enterprises Limited
INE628A01036,UPL,UPL Limited
INE629D01020,BANSWRAS,Banswara Syntex Limited
INE630A01024,SESHAPAPER,Seshasayee Paper and Boards Limited
INE630D01010,BRIGHTBR,Bright Brothers Limited
INE630Y01024,MEDICO,Medico Remedies Limited
INE631A01022,SHANTIGEAR,Shanthi Gears Limited
INE631R01026,MADHAVIPL,Madhav Infra Projects Limited
INE632C01026,VIDHIING,Vidhi Specialty Food Ingredients Limited
INE632X01030,SHRENIK,Shrenik Limited
INE633B01018,POLYPLEX,Polyplex Corporation Limited
INE634A01018,HONDAPOWER,Honda India Power Products Limited
INE634I01029,KNRCON,KNR Constructions Limited
INE634S01028,MANKIND,Mankind Pharma Limited
INE635A01023,SHYAMTEL,Shyam Telecom Limited
INE635Q01029,GULFOILLUB,Gulf Oil Lubricants India Limited
INE636A01039,MAWANASUG,Mawana Sugars Limited
INE637C01025,POKARNA,Pokarna Limited
INE637H01024,SHIVAMAUTO,Shivam Autotech Limited
INE638A01035,SINGERIND,Singer India Limited
INE638B01025,HBPOR,HB Portfolio Limited
INE640A01023,SKFINDIA,SKF India Limited
INE640B01021,HBESD,HB Estate Developers Limited
INE640C01011,SHAHALLOYS,Shah Alloys Limited
INE640G01020,SBIFUNDS,SBI Funds Management Limited
INE641C01019,KAVDEFENCE,Kavveri Defence & Wireless Technologies Limited
INE641R01017,QUINT,Quint Digital Limited
INE642C01025,RUBFILA,Rubfila International Limited
INE642Y01029,HINDCON,Hindcon Chemicals Limited
INE642Z01026,AKI,AKI India Limited
INE643A01035,JTEKTINDIA,Jtekt India Limited
INE643K01018,ARIHANTSUP,Arihant Superstructures Limited
INE644Q01039,GLASSWALL,Glass Wall Systems (India) Limited
INE644Y01017,SHIVAMILLS,Shiva Mills Limited
INE645H01027,SUTLEJTEX,Sutlej Textiles and Industries Limited
INE645S01024,ROLEXRINGS,Rolex Rings Limited
INE645W01026,AIRAN,Airan Limited
INE646B01010,MEDICAMEQ,Medicamen Biotech Limited
INE646C01018,GROBTEA,The Grob Tea Company Limited
INE646H01017,CAPITALSFB,Capital Small Finance Bank Limited
INE646L01027,INDIGO,InterGlobe Aviation Limited
INE646X01014,ASTRON,Astron Paper & Board Mill Limited
INE647A01010,SRF,SRF Limited
INE647O01011,ABFRL,Aditya Birla Fashion and Retail Limited
INE647U01026,CLEANMAX,Clean Max Enviro Energy Solutions Limited
INE648Z01023,ACCURACY,Accuracy Shipping Limited
INE650G01029,MENNPIS,Menon Pistons Limited
INE650K01021,SECURKLOUD,SECUREKLOUD TECHNOLOGIES LIMITED
INE650L01011,BROOKS,Brooks Laboratories Limited
INE651C01018,LAKPRE,Lakshmi Precision Screws Limited
INE652F01027,CCHHL,Country Club Hospitality & Holidays Limited
INE652V01016,GANESHCP,Ganesh Consumer Products Limited
INE652Z01025,AVROIND,AVRO INDIA LIMITED
INE653C01022,NICCOPAR,Nicco Parks & Resorts Limited
INE655A01013,STCINDIA,The State Trading Corporation of India Limited
INE655B01011,BANARBEADS,Banaras Beads Limited
INE655V01019,RMC,RMC Switchgears Limited
INE658G01014,SALSTEEL,S.A.L. Steel Limited
INE658T01017,WEALTH,Wealth First Portfolio Managers Limited
INE659A01023,SUDARSCHEM,Sudarshan Chemical Industries Limited
INE660A01013,SUNDARMFIN,Sundaram Finance Limited
INE660C01027,CENTRUM,Centrum Capital Limited
INE661I01014,BGRENERGY,BGR Energy Systems Limited
INE662A01027,SUPERSPIN,Super Spinning Mills Limited
INE663A01033,SPLPETRO,Supreme Petrochem Limited
INE663B01015,CONTROLPR,Control Print Limited
INE663F01032,NAUKRI,Info Edge (India) Limited
INE664D01019,BENARAS,Benares Hotels Limited
INE665A01038,SWANCORP,SWAN CORP LIMITED
INE665J01013,VMART,V-Mart Retail Limited
INE665L01035,VARROC,Varroc Engineering Limited
INE666D01022,BORORENEW,BOROSIL RENEWABLES LIMITED
INE666E01020,ACL,Andhra Cements Limited
INE667G01023,SAKSOFT,Saksoft Limited
INE668A01016,TMB,Tamilnad Mercantile Bank Limited
INE668D01028,DONEAR,Donear Industries Limited
INE668F01031,JYOTHYLAB,Jyothy Labs Limited
INE668G01021,ELDEHSG,Eldeco Housing And Industries Limited
INE669A01022,INFOMEDIA,Infomedia Press Limited
INE669C01036,TECHM,Tech Mahindra Limited
INE669E01016,IDEA,Vodafone Idea Limited
INE669R01026,ELITECON,Elitecon International Limited
INE669X01032,GEEKAYWIRE,Geekay Wires Limited
INE670A01012,TATAELXSI,Tata Elxsi Limited
INE670K01029,LODHA,Lodha Developers Limited
INE670O01013,ONEGLOBAL,One Global Service Provider Limited
INE671A01010,HONAUT,Honeywell Automation India Limited
INE671C01016,SUNLOC,Sunil Healthcare Limited
INE671H01015,SOBHA,Sobha Limited
INE671K01027,SUNRAKSHAK,Sunrakshakk Industries India Limited
INE672A01026,TATAINVEST,Tata Investment Corporation Limited
INE672B01032,MUNJALAU,Munjal Auto Industries Limited
INE673O01025,TBOTEK,TBO Tek Limited
INE674K01013,ABCAPITAL,Aditya Birla Capital Limited
INE676A01027,BBOX,Black Box Limited
INE677D01037,MASTERTR,Master Trust Limited
INE679A01013,CSBBANK,CSB Bank Limited
INE679V01027,AVL,Aditya Vision Limited
INE680A01011,DHANBANK,Dhanlaxmi Bank Limited
INE680Z01018,AVG,AVG Logistics Limited
INE681B01017,INDRAMEDCO,Indraprastha Medical Corporation Limited
INE681C01015,KEYFINSERV,Keynote Financial Services Limited
INE682M01020,JLHL,Jupiter Life Line Hospitals Limited
INE683A01023,SOUTHBANK,The South Indian Bank Limited
INE683C01011,MAITHANALL,Maithan Alloys Limited
INE684B01029,ISTLTD,I S T Limited
INE684F01012,FSL,Firstsource Solutions Limited
INE685A01028,TORNTPHARM,Torrent Pharmaceuticals Limited
INE685T01010,HORIZONIND,Horizon Industrial Parks Limited
INE686A01026,CEMPRO,Cemindia Projects Limited
INE686F01025,UBL,United Breweries Limited
INE686Y01026,FINEORG,Fine Organic Industries Limited
INE687A01016,TRANSPEK,Transpek Industry Limited
INE688A01022,TCI,Transport Corporation of India Limited
INE688D01026,RESPONIND,Responsive Industries Limited
INE688J01023,LANDSMILL,Landsmill Green Limited
INE688Y01022,DANGEE,Dangee Dums Limited
INE689O01013,MERCANTILE,Mercantile Ventures Limited
INE689W01016,PRINCEPIPE,Prince Pipes And Fittings Limited
INE690A01028,TTKPRESTIG,TTK Prestige Limited
INE691A01018,UCOBANK,UCO Bank
INE691Z01023,GANGAFORGE,Ganga Forging Limited
INE692A01016,UNIONBANK,Union Bank of India
INE692B01014,MURUDCERA,Murudeshwar Ceramics Limited
INE692C01020,TANAA,Taneja Aerospace & Aviation Limited
INE692G01013,XCHANGING,Xchanging Solutions Limited
INE692Z01013,AFFORDABLE,Affordable Robotic & Automation Limited
INE693D01018,VADILENT,Vadilal Enterprises Limited
INE694A01020,UNITECH,Unitech Limited
INE694D01016,VADILALIND,Vadilal Industries Limited
INE694E01014,KANPRPLA,Kanpur Plastipack Limited
INE694L01019,VEDPOWER,Vedanta Power Limited
INE694N01015,HERANBA,Heranba Industries Limited
INE695B01025,COUNCODOS,Country Condo's Limited
INE696F01016,JUNIPER,Juniper Hotels Limited
INE696K01024,PRAKASHSTL,Prakash Steelage Limited
INE696V01013,JAIPURKURT,Nandani Creation Limited
INE697V01011,PANSARI,Pansari Developers Limited
INE699B01027,SAMBHAAV,Sambhaav Media Limited
INE699H01024,AWL,AWL Agri Business Limited
INE700A01033,JUBLPHARMA,Jubilant Pharmova Limited
INE700F01024,CFEL,Confidence Futuristic Energetech Limited
INE701A01023,VHL,Vardhman Holdings Limited
INE701G01012,AKCAPIT,AK Capital Services Limited
INE702C01027,APLAPOLLO,APL Apollo Tubes Limited
INE703B01027,RATNAMANI,Ratnamani Metals & Tubes Limited
INE703H01016,HUBTOWN,Hubtown Limited
INE704B01017,RACLGEAR,RACL Geartech Limited
INE704G01024,BAJAJST,Bajaj Steel Industries Limited
INE704H01022,CINELINE,Cineline India Limited
INE704J01044,VOGL,Vedanta Oil and Gas Limited
INE704P01025,COCHINSHIP,Cochin Shipyard Limited
INE705C01020,SHIVATEX,Shiva Texyarn Limited
INE705X01026,GOYALALUM,Goyal Aluminiums Limited
INE707A01012,VINDHYATEL,Vindhya Telelinks Limited
INE707C01018,CAPTRUST,Capital Trust Limited
INE709A01018,VLSFINANCE,VLS Finance Limited
INE710A01016,VSTIND,VST Industries Limited
INE711A01022,WALCHANNAG,Walchandnagar Industries Limited
INE712B01010,SUPERHOUSE,Superhouse Limited
INE712K01011,SHREEPUSHK,Shree Pushkar Chemicals & Fertilisers Limited
INE713B01026,SURYALAXMI,Suryalakshmi Cotton Mills Limited
INE713C01016,SURAJLTD,Suraj Limited
INE713R01022,GSPCROP,GSP Crop Science Limited
INE713T01028,APOLLO,Apollo Micro Systems Limited
INE715A01015,WHEELS,Wheels India Limited
INE715B01021,ANDHRSUGAR,The Andhra Sugars Limited
INE715T01031,DHATRE,Dhatre Udyog Limited
INE715Y01031,SHRADHA,Shradha Realty Limited
INE716A01013,WHIRLPOOL,Whirlpool of India Limited
INE716B01029,TIPSMUSIC,Tips Music Limited
INE716D01033,CRSL,Cressanda Railway Solutions Limited
INE716F01012,INDOKEM,Indokem Limited
INE717A01029,KENNAMET,Kennametal India Limited
INE717W01049,GANDHAR,Gandhar Oil Refinery (India) Limited
INE718F01018,CSLFINANCE,CSL Finance Limited
INE718H01014,AUTOIND,Autoline Industries Limited
INE718I01012,JSWCEMENT,JSW Cement Limited
INE719F01016,SHIVAUM,Shiv Aum Steels Limited
INE720A01015,KOTHARIPET,Kothari Petrochemicals Limited
INE721A01047,SHRIRAMFIN,Shriram Finance Limited
INE721Z01010,AARON,Aaron Industries Limited
INE722B01019,PRAVEG,Praveg Limited
INE722H01024,RGL,Renaissance Global Limited
INE722J01012,RKDL,Ravi Kumar Distilleries Limited
INE724A01017,GYFTR,Gyftr Limited
INE725A01030,NAVA,NAVA LIMITED
INE725E01024,ORISSAMINE,The Orissa Minerals Development Company Limited
INE725G01011,ICRA,ICRA Limited
INE725L01011,KARMAENG,Karma Energy Limited
INE726E01014,UPHOT,U P Hotels Limited
INE726G01019,ICICIPRULI,ICICI Prudential Life Insurance Company Limited
INE726L01027,DELPHIFX,DELPHI WORLD MONEY LIMITED
INE726V01018,PRICOLLTD,Pricol Limited
INE727B01026,GENESYS,Genesys International Corporation Limited
INE727S01012,BRNL,Bharat Road Network Limited
INE728Z01015,SOFTTECH,Softtech Engineers Limited
INE729D01010,KILITCH,Kilitch Drugs (India) Limited
INE730A01022,ORICONENT,Oricon Enterprises Limited
INE731A01020,ARCHIES,Archies Limited
INE731C01018,KHAITANLTD,Khaitan (India) Limited
INE731F01037,WELSPLSOL,Welspun Specialty Solutions Limited
INE731H01025,ACE,Action Construction Equipment Limited
INE731U01028,DIGJAMLMTD,Digjam Limited
INE732A01036,KIRLOSBROS,Kirloskar Brothers Limited
INE732C01016,NCLIND,NCL Industries Limited
INE732I01021,ANGELONE,Angel One Limited
INE732S01012,SAKAR,Sakar Healthcare Limited
INE733A01018,STARPAPER,Star Paper Mills Limited
INE733E01010,NTPC,NTPC Limited
INE734I01027,FINKURVE,Finkurve Financial Services Limited
INE734N01019,SNOWMAN,Snowman Logistics Limited
INE735M01018,SAMPANN,Sampann Utpadan India Limited
INE735W01017,UTKARSHBNK,Utkarsh Small Finance Bank Limited
INE736A01011,CDSL,Central Depository Services (India) Limited
INE737B01033,ADROITINFO,Adroit Infotech Limited
INE737D01021,MODISONLTD,MODISON LIMITED
INE737H01014,FIEMIND,Fiem Industries Limited
INE737W01013,AKASH,Akash Infra-Projects Limited
INE738I01010,ECLERX,eClerx Services Limited
INE738V01013,ARTNIRMAN,Art Nirman Limited
INE739E01017,CERA,Cera Sanitaryware Limited
INE740D01017,NRAIL,N R Agarwal Industries Limited
INE740V01019,AGROPHOS,Agro Phos India Limited
INE740X01023,LAL,Lorenzini Apparels Limited
INE741A01011,MYSORPETRO,Mysore Petro Chemicals Limited
INE741K01010,CREDITACC,CREDITACCESS GRAMEEN LIMITED
INE741L01018,DUCON,Ducon Infratechnologies Limited
INE742B01025,GUFICBIO,Gufic Biosciences Limited
INE742C01031,JINDRILL,Jindal Drilling And Industries Limited
INE742F01042,ADANIPORTS,Adani Ports and Special Economic Zone Limited
INE743M01012,RHIM,RHI MAGNESITA INDIA LIMITED
INE745B01028,KHAICHEM,Khaitan Chemicals & Fertilizers Limited
INE745G01043,MCX,Multi Commodity Exchange of India Limited
INE746D01014,PIONRINV,Pioneer Investcorp Limited
INE747B01016,NEXTMEDIA,Next Mediaworks Limited
INE747K01017,TARAPUR,Tarapur Transformers Limited
INE748A01024,MBECL,Mcnally Bharat Engineering Company Limited
INE748C01038,3IINFOLTD,3i Infotech Limited
INE748T01016,SIMBHALS,Simbhaoli Sugars Limited
INE748Z01013,SUMIT,Sumit Woods Limited
INE749A01030,JINDALSTEL,JINDAL STEEL LIMITED
INE749B01020,ORTINGLOBE,ORTIN GLOBAL LIMITED
INE750A01020,ORIENTHOT,Oriental Hotels Limited
INE750C01026,MARKSANS,Marksans Pharma Limited
INE750D01016,RELCHEMQ,Reliance Chemotex Industries Limited
INE750M01017,HEXATRADEX,Hexa Tradex Limited
INE750R01016,AARNAV,Aarnav Fashions Limited
INE751B01018,PIXTRANS,Pix Transmissions Limited
INE752E01010,POWERGRID,Power Grid Corporation of India Limited
INE752G01015,MSPL,MSP Steel & Power Limited
INE752H01013,CARERATING,CARE Ratings Limited
INE753K01015,EMMBI,Emmbi Industries Limited
INE753U01022,DIVGIITTS,Divgi Torqtransfer Systems Limited
INE753W01010,AGASTYAEN,Agastya Energy and Infrastructure Limited
INE754A01055,SUBEXLTD,Subex Limited
INE754X01016,AARVI,Aarvi Encon Limited
INE755Q01025,VISHAL,Vishal Fabrics Limited
INE756C01015,NDGL,Naga Dhunseri Group Limited
INE756I01012,HDBFS,HDB Financial Services Limited
INE757A01017,COSMOFIRST,COSMO FIRST LIMITED
INE757B01015,TRANSWORLD,TRANSWORLD SHIPPING LINES LIMITED
INE757C01021,ADDIND,Addi Industries Limited
INE757T01025,AEPL,Artemis Electricals and Projects Limited
INE758A01072,AVANCE,Avance Technologies Limited
INE758C01029,AHLUCONT,Ahluwalia Contracts (India) Limited
INE758E01017,JIOFIN,Jio Financial Services Limited
INE758T01015,ETERNAL,ETERNAL LIMITED
INE759A01021,MASTEK,Mastek Limited
INE759F01012,AUSTENG,Austin Engineering Company  Limited
INE759V01019,HEADSUP,Heads UP Ventures Limited
INE760A01029,KOKUYOCMLN,Kokuyo Camlin Limited
INE760F01028,INDOAMIN,Indo Amines Limited
INE760L01018,TBZ,Tribhovandas Bhimji Zaveri Limited
INE760W01023,RPPL,Rajshree Polypack Limited
INE760Y01011,ASHOKAMET,Ashoka Metcast Limited
INE761G01016,BLACKROSE,Black Rose Inds. Limited
INE761H01022,PAGEIND,Page Industries Limited
INE761Q01015,VGCL,Vibrant Global Capital Limited
INE761Y01019,ZODIAC,Zodiac Energy Limited
INE763I01026,TARIL,Transformers And Rectifiers (India) Limited
INE763M01028,MERCURYEV,Mercury Ev-Tech Limited
INE764D01017,VSTTILLERS,V.S.T Tillers Tractors Limited
INE764L01010,SADBHIN,Sadbhav Infrastructure Project Limited
INE765D01022,WPIL,WPIL Limited
INE765G01017,ICICIGI,ICICI Lombard General Insurance Company Limited
INE766P01016,MAHLOG,Mahindra Logistics Limited
INE767A01016,AARTIDRUGS,Aarti Drugs Limited
INE767C01012,AXTEL,Axtel Industries Limited
INE768C01028,ZYDUSWELL,Zydus Wellness Limited
INE769A01020,AARTIIND,Aarti Industries Limited
INE770A01010,PRADPME,Pradeep Metals Limited
INE771A01026,MIRZAINT,Mirza International Limited
INE771F01041,FISCHER,Fischer Medical Ventures Limited
INE772T01024,PVSL,Popular Vehicles and Services Limited
INE773I01017,ALKALI,Alkali Metals Limited
INE774D01024,M&MFIN,Mahindra & Mahindra Financial Services Limited
INE775A01035,MOTHERSON,Samvardhana Motherson International Limited
INE776C01039,GMRAIRPORT,GMR AIRPORTS LIMITED
INE776I01010,MEP,MEP Infrastructure Developers Limited
INE777F01014,EXICOM,Exicom Tele-Systems Limited
INE777K01022,RRKABEL,R R Kabel Limited
INE778B01029,ESTER,Ester Industries Limited
INE778K01012,EMAMIREAL,Emami Realty Limited
INE780C01023,JMFINANCIL,JM Financial Limited
INE781A01025,INTENTECH,Intense Technologies Limited
INE781B01015,NOIDATOLL,Noida Toll Bridge Company Limited
INE781S01027,VENTIVE,Ventive Hospitality Limited
INE782A01015,BOSCH-HCIL,BOSCH HOME COMFORT INDIA LIMITED
INE782D01027,ALFREDHE,Alfred Herbert India Limited
INE782E01017,HESTERBIO,Hester Biosciences Limited
INE782X01033,SERVOTECH,Servotech Renewable Power System Limited
INE783X01023,CHEMFAB,Chemfab Alkalis Limited
INE784R01023,ARFIN,Arfin India Limited
INE784W01015,MANOMAY,Manomay Tex India Limited
INE785A01026,JAYAGROGN,Jayant Agro Organics Limited
INE785M01021,PCJEWELLER,PC Jeweller Limited
INE786A01032,JKLAKSHMI,JK Lakshmi Cement Limited
INE786F01031,UTTAMSUGAR,Uttam Sugar Mills Limited
INE786W01010,RKEC,RKEC Projects Limited
INE787D01026,BALKRISIND,Balkrishna Industries Limited
INE788H01017,HILTON,Hilton Metal Forging Limited
INE788J01021,SHIVALIK,Shivalik Rasayan Limited
INE789E01012,JKPAPER,JK Paper Limited
INE790B01024,KCPSUGIND,KCP Sugar and Industries Corporation Limited
INE790G01031,SHILPAMED,Shilpa Medicare Limited
INE791A01024,BLBLIMITED,BLB Limited
INE791B01014,LEENEE,Lee & Nee Softwares Exports Limited
INE791I01019,BRIGADE,Brigade Enterprises Limited
INE792B01012,AMBICAAGAR,Ambica Agarbathies & Aroma industries Limited
INE792H01019,GLOBALVECT,Global Vectra Helicorp Limited
INE792I01017,CORDSCABLE,Cords Cable Industries Limited
INE792Z01011,SIRCA,Sirca Paints India Limited
INE793A01012,ACCELYA,Accelya Solutions India Limited
INE794A01010,NEULANDLAB,Neuland Laboratories Limited
INE794B01026,BALAJITELE,Balaji Telefilms Limited
INE794W01014,MODTHREAD,Modern Threads (India) Limited
INE795G01014,HDFCLIFE,HDFC Life Insurance Company Limited
INE796G01012,JINDALPHOT,Jindal Photo Limited
INE797F01020,JUBLFOOD,Jubilant Foodworks Limited
INE797H01018,TGBHOTELS,TGB Banquets And Hotels Limited
INE798F01010,PANCHMAHQ,Panchmahal Steel Limited
INE798K01010,KRITINUT,Kriti Nutrients Limited
INE800A01015,BIRLACABLE,Birla Cable Limited
INE800H01010,OMAXE,Omaxe Limited
INE801L01010,AIROLAM,Airo Lam limited
INE801V01019,LAXMICOT,Laxmi Cotspin Limited
INE802B01027,LINC,Linc Limited
INE802C01033,SSWL,Steel Strips Wheels Limited
INE802W01023,BOHRAIND,Bohra Industries Limited
INE803D01021,INDOBORAX,Indo Borax & Chemicals Limited
INE803H01014,RUCHIRA,Ruchira Papers Limited
INE804H01012,TFL,Transwarranty Finance Limited
INE804L01022,MEDPLUS,Medplus Health Services Limited
INE805A01014,GOLDTECH,AION-TECH SOLUTIONS LIMITED
INE805C01028,KCP,KCP Limited
INE805D01034,SUNTECK,Sunteck Realty Limited
INE806A01020,VIKASECO,Vikas EcoTech Limited
INE806C01018,TIL,TIL Limited
INE806T01020,SAPPHIRE,Sapphire Foods India Limited
INE807F01027,VIYASH,Viyash Scientific Limited
INE807K01035,SCHAND,S Chand And Company Limited
INE809A01032,RAMAPHO,Rama Phosphates Limited
INE809I01019,ONMOBILE,OnMobile Global Limited
INE810G01011,SHYAMMETL,Shyam Metalics and Energy Limited
INE811A01038,KIRLPNU,Kirloskar Pneumatic Company Limited
INE811K01011,PRESTIGE,Prestige Estates Projects Limited
INE812G01025,SMSPHARMA,SMS Pharmaceuticals Limited
INE813A01018,MAHLIFE,Mahindra Lifespace Developers Limited
INE813H01021,TORNTPOWER,Torrent Power Limited
INE813V01022,MCL,M TEK COPPER LIMITED
INE814H01029,ADANIPOWER,Adani Power Limited
INE816B01035,FILATEX,Filatex India Limited
INE817H01022,BURNPUR,Burnpur Cement Limited
INE818A01017,ANTELOPUS,Antelopus Selan Energy Limited
INE818B01023,PASUPTAC,Pasupati Acrylon Limited
INE818H01020,LTFOODS,LT Foods Limited
INE818W01011,ESAFSFB,ESAF Small Finance Bank Limited
INE819A01049,COMFINTE,Comfort Intech Limited
INE819L01012,ELGIRUBCO,Elgi Rubber Company Limited
INE819V01029,CPPLUS,Aditya Infotech Limited
INE820Y01021,AJOONI,Ajooni Biotech Limited
INE821I01022,IRB,IRB Infrastructure Developers Limited
INE822B01017,ASIANTNE,Asian Tea & Exports Limited
INE822C01015,TCPLPACK,TCPL Packaging Limited
INE822E01011,SUPREME,Supreme Holdings & Hospitality (India) Limited
INE822G01016,ELECTHERM,Electrotherm (India) Limited
INE823A01017,KOTHARIPRO,Kothari Products Limited
INE823B01015,COMPEAU,Competent Automobiles Company Limited
INE823G01014,JKCEMENT,JK Cement Limited
INE824G01012,JSWHL,JSW Holdings Limited
INE824Q01011,MANAKSTEEL,Manaksia Steels Limited
INE825A01020,VTL,Vardhman Textiles Limited
INE825V01034,MANYAVAR,Vedant Fashions Limited
INE826C01016,GUJAPOLLO,Gujarat Apollo Industries Limited
INE828A01016,BIL,Bhartiya International Limited
INE828O01033,MITCON,MITCON Consultancy & Engineering Services Limited
INE829A01014,BIOFILCHEM,Biofil Chemicals & Pharmaceuticals Limited
INE829S01016,MSL,Mangalam Seeds Limited
INE830C01026,EMAMIPAP,Emami Paper Mills Limited
INE830Q01018,MANAKCOAT,Manaksia Coated Metals & Industries Limited
INE831A01028,ONIDA,Onida Electronics Limited
INE832A01018,MODIRUBBER,Modi Rubber Limited
INE834I01025,KHADIM,Khadim India Limited
INE834M01019,RTNINDIA,RattanIndia Enterprises Limited
INE835A01029,VARDMNPOLY,Vardhman Polytex Limited
INE835B01035,MOLDTECH,Mold-Tek Technologies Limited
INE835D01023,HIRECT,Hirect Limited
INE835G01018,ALLDIGI,Alldigi Tech Limited
INE836A01035,BSOFT,BIRLASOFT LIMITED
INE836B01017,SATIN,Satin Creditcare Network Limited
INE836F01026,DISHTV,Dish TV India Limited
INE837H01020,ADVENZYMES,Advanced Enzyme Technologies Limited
INE838B01021,BHARATRAS,Bharat Rasayan Limited
INE838E01017,PONNIERODE,Ponni Sugars (Erode) Limited
INE839E01023,ODYCORP,Odyssey Corporation Limited
INE839G01010,JOCIL,Jocil Limited
INE839M01018,SCHNEIDER,Schneider Electric Infrastructure Limited
INE840M01016,ZUARI,Zuari Agro Chemicals Limited
INE840Y01029,ONEPOINT,One Point One Solutions Limited
INE841B01017,INDBANK,Indbank Merchant Banking Services Limited
INE841D01013,AMAL,Amal Limited
INE841L01016,DEEDEV,DEE Development Engineers Limited
INE842C01021,MINDACORP,Minda Corporation Limited
INE843B01013,MAHAPEXLTD,Maha Rashtra Apex Corporation Limited
INE843D01027,DCMSRIND,DCM Shriram Industries Limited
INE843L01012,SIEL,Superior Industrial Enterprises Limited
INE843S01025,SURAJEST,Suraj Estate Developers Limited
INE844A01013,PEARLPOLY,Pearl Polymers Limited
INE844K01012,BEDMUTHA,Bedmutha Industries Limited
INE844O01030,GUJENERGY,GUJARAT ENERGY LIMITED
INE845D01014,GANECOS,Ganesha Ecosphere Limited
INE846D01012,LORDSCHLO,Lords Chloro Alkali Limited
INE847C01020,ROSSELLIND,Rossell India Limited
INE848A01014,IZMO,IZMO Limited
INE848E01016,NHPC,NHPC Limited
INE849A01020,TRENT,Trent Limited
INE849C01026,SHALPAINTS,Shalimar Paints Limited
INE850B01026,ABMKNO,ABM Knowledgeware Limited
INE850D01014,GODREJAGRO,Godrej Agrovet Limited
INE850E01012,LFIC,Lakshmi Finance & Industrial Corporation Limited
INE850M01015,NORTHARC,Northern Arc Capital Limited
INE851I01011,UDS,Updater Services Limited
INE852O01025,APTUS,Aptus Value Housing Finance India Limited
INE854B01010,JAYNECOIND,Jayaswal Neco Industries Limited
INE854D01024,UNITDSPR,United Spirits Limited
INE854S01022,GENCON,Generic Engineering Construction and Projects Limited
INE855A01019,WHBRADY,WH Brady & Company Limited
INE855B01025,RAIN,Rain Industries Limited
INE855C01023,WEBELSOLAR,Websol Energy System Limited
INE855F01042,ASMS,Avio Smart Market Stack Limited
INE855R01021,RADIANTCMS,Radiant Cash Management Services Limited
INE858B01029,ISGEC,Isgec Heavy Engineering Limited
INE858F01012,NITCO,Nitco Limited
INE859A01011,PNBGILTS,PNB Gilts Limited
INE859Q01017,MANAKALUCO,Manaksia Aluminium Company Limited
INE860A01027,HCLTECH,HCL Technologies Limited
INE861B01023,MOTOGENFIN,The Motor & General Finance Limited
INE861D01011,SAHLIBHFI,Shalibhadra Finance Limited
INE862Y01015,BANKA,Banka BioLoo Limited
INE863B01029,PREMEXPLN,Premier Explosives Limited
INE863I01016,BANG,Bang Overseas Limited
INE863T01013,JITFINFRA,JITF Infralogistics Limited
INE864I01014,MTARTECH,Mtar Technologies Limited
INE864J01012,TAMBOLIIN,Tamboli Industries Limited
INE864K01010,IRIS,IRIS RegTech Solutions Limited
INE864X01013,DPWIRES,D P Wires Limited
INE865C01022,BIRLAMONEY,Aditya Birla Money Limited
INE865T01018,PDMJEPAPER,Pudumjee Paper Products Limited
INE866K01023,WAAREEINDO,Indosolar Limited
INE866R01028,MATRIMONY,Matrimony.Com Limited
INE867A01022,MANUGRAPH,Manugraph India Limited
INE868B01028,NCC,NCC Limited
INE869I01013,GTPL,GTPL Hathway Limited
INE869T01028,MOLBIO,Molbio Diagnostics Limited
INE869Y01028,TEMBO,Tembo Global Industries Limited
INE870D01012,NFL,National Fertilizers Limited
INE870H01013,NETWORK18,Network18 Media & Investments Limited
INE871C01038,AVANTIFEED,Avanti Feeds Limited
INE871H01011,GSS,GSS Infotech Limited
INE871K01015,HMVL,Hindustan Media Ventures Limited
INE871L01013,TVVISION,TV Vision Limited
INE872H01027,LUMAXTECH,Lumax Auto Technologies Limited
INE872J01023,DEVYANI,Devyani International Limited
INE873D01024,INDOCO,Indoco Remedies Limited
INE874F01027,RADAAN,Radaan Mediaworks India Limited
INE874I01013,RAMKY,Ramky Infrastructure Limited
INE875B01015,NIMBSPROJ,Nimbus Projects Limited
INE875G01048,NDL,Nandan Denim Limited
INE875R01011,BALKRISHNA,Balkrishna Paper Mills Limited
INE876N01018,ORIENTCEM,Orient Cement Limited
INE877D01025,KANOHAR,Kanohar Electricals Limited
INE877F01012,PTC,PTC India Limited
INE877I01016,ARCHIDPLY,Archidply Industries Limited
INE877V01027,SURAKSHA,Suraksha Diagnostic Limited
INE878A01011,GVPIL,GE Power India Limited
INE878B01027,KEI,KEI Industries Limited
INE878E01021,SETCO,Setco Automotive Limited
INE878H01024,INVENTURE,Inventure Growth & Securities Limited
INE878I01022,BAFNAPH,Bafna Pharmaceuticals Limited
INE878K01010,BFINVEST,BF Investment Limited
INE879A01019,SHREERAMA,Shree Rama Multi-Tech Limited
INE879E01037,KANANIIND,Kanani Industries Limited
INE879I01012,DBREALTY,Valor Estate Limited
INE879K01018,KMCSHIL,K M C Speciality Hospitals (India) Limited
INE880J01026,JSWINFRA,JSW Infrastructure Limited
INE880L01014,KIOCL,KIOCL Limited
INE880Y01017,SOLEX,Solex Energy Limited
INE881D01027,OFSS,Oracle Financial Services Software Limited
INE882A01013,MARALOVER,Maral Overseas Limited
INE883A01011,MRF,MRF Limited
INE883C01025,PACIFICI,Pacific Industries Limited
INE883F01010,AADHARHFC,Aadhar Housing Finance Limited
INE883N01014,PARAGMILK,Parag Milk Foods Limited
INE884A01027,VAIBHAVGBL,Vaibhav Global Limited
INE884B01025,KIRLFER,Kirloskar Ferrous Industries Limited
INE885A01032,ARE&M,Amara Raja Energy & Mobility Limited
INE885E01042,MAZDA,Mazda Limited
INE885F01015,MASKINVEST,Mask Investments Limited
INE885H01029,SPORTKING,Sportking India Limited
INE886A01014,IITL,Industrial Investment Trust Limited
INE886B01012,SUMEDHA,Sumedha Fiscal Services Limited
INE886D01026,EFCIL,EFC (I) Limited
INE887D01024,TCC,TCC Concept Limited
INE887E01022,NGLFINE,NGL Fine-Chem Limited
INE887G01027,GOKEX,Gokaldas Exports Limited
INE888C01040,SADHNANIQ,Sadhana Nitrochem Limited
INE890C01046,SANWARIA,Sanwaria Consumer Limited
INE891A01022,DSKULKARNI,DS Kulkarni Developers Limited
INE891B01012,DCMFINSERV,DCM Financial Services Limited
INE891D01026,REDINGTON,Redington Limited
INE893I01013,VASCONEQ,Vascon Engineers Limited
INE893J01029,MOLDTKPAC,Mold-Tek Packaging Limited
INE894V01022,BELRISE,Belrise Industries Limited
INE895B01021,RUPA,Rupa & Company Limited
INE895W01019,PANACHE,Panache Digilife Limited
INE896L01010,INDOSTAR,IndoStar Capital Finance Limited
INE898Q01015,MIIL,Meghna Infracon Infrastructure Limited
INE898S01029,AURUM,Aurum PropTech Limited
INE899I01028,SYMBIOTEC,Symbiotec Pharmalab Limited
INE899L01030,UEL,Ujaas Energy Limited
INE900B01029,KABRAEXTRU,Kabra Extrusion Technik Limited
INE900C01027,ASAL,Automotive Stampings and Assemblies Limited
INE900L01028,MBAPL,Madhya Bharat Agro Products Limited
INE901L01018,APLLTD,Alembic Pharmaceuticals Limited
INE902B01017,S&SPOWER,S&S Power Switchgears Limited
INE903A01025,JAYKAY,Jaykay Enterprises Limited
INE903D01011,MONARCH,Monarch Networth Capital Limited
INE903U01023,SIGNATURE,Signatureglobal (India) Limited
INE906O01029,TIGERLOGS,Tiger Logistics (India) Limited
INE907A01026,KSL,Kalyani Steels Limited
INE908D01010,SHAKTIPUMP,Shakti Pumps (India) Limited
INE908V01012,LIBAS,Libas Consumer Products Limited
INE910A01012,NIRLON,Nirlon Limited
INE910C01018,TTKHLTCARE,TTK Healthcare Limited
INE911B01018,TCIFINANCE,TCI Finance Limited
INE912H01013,MBLINFRA,MBL Infrastructure Limited
INE912L01015,ONELIFECAP,Onelife Capital Advisors Limited
INE912T01018,RPEL,Raghav Productivity Enhancers Limited
INE913H01037,ENDURANCE,Endurance Technologies Limited
INE914E01040,ALANKIT,Alankit Limited
INE914G01029,POLYSPIN,Polyspin Exports Limited
INE914M01019,ASTERDM,Aster DM Quality Care Limited
INE915B01019,INDSWFTLAB,Ind-Swift Laboratories Limited
INE915K01010,AHLWEST,Asian Hotels (West) Limited
INE916G01016,GEECEE,GeeCee Ventures Limited
INE916U01025,SFL,Sheela Foam Limited
INE916Y01027,AFIL,Akme Fintrade (India) Limited
INE917H01012,SRHHYPOLTD,Sree Rayalaseema Hi-Strength Hypo Limited
INE917I01010,BAJAJ-AUTO,Bajaj Auto Limited
INE917M01012,DBL,Dilip Buildcon Limited
INE918I01026,BAJAJFINSV,Bajaj Finserv Limited
INE918N01018,VETO,Veto Switchgears And Cables Limited
INE918Z01012,KAYNES,Kaynes Technology India Limited
INE919H01018,IMFA,Indian Metals & Ferro Alloys Limited
INE919I01024,RADIOCITY,Music Broadcast Limited
INE920A01037,DOLPHIN,Dolphin Offshore Enterprises (India) Limited
INE920C01017,NTCIND,NTC Industries Limited
INE921B01025,DBSTOCKBRO,DB (International) Stock Brokers Limited
INE921L01032,POWERICA,Powerica Limited
INE922A01025,BEPL,Bhansali Engineering Polymers Limited
INE922B01023,PANACEABIO,Panacea Biotec Limited
INE922K01024,INDIASHLTR,India Shelter Finance Corporation Limited
INE923A01015,SILINV,SIL Investments Limited
INE924D01017,THEINVEST,The Investment Trust Of India Limited
INE924H01018,TARMAT,Tarmat Limited
INE925C01016,MADHAV,Madhav Marbles and Granites Limited
INE925R01014,CMSINFO,CMS Info Systems Limited
INE926B01016,GRANDOAK,Grand Oak Canyons Distillery Limited
INE926K01017,AHLEAST,Asian Hotels (East) Limited
INE926X01010,HGINFRA,H.G. Infra Engineering Limited
INE927A01040,ROLLT,Rollatainers Limited
INE927C01020,DIGISPICE,DiGiSPICE Technologies Limited
INE927D01051,JBMA,JBM Auto Limited
INE927X01018,ELCIDIN,EL CID Investments Limited
INE928C01010,DAICHI,Dai-Ichi Karkaria Limited
INE930H01031,KPRMILL,K.P.R. Mill Limited
INE930P01018,ANURAS,Anupam Rasayan India Limited
INE931S01010,ADANIENSOL,Adani Energy Solutions Limited
INE932A01024,PENIND,Pennar Industries Limited
INE932C01012,TOKYOPLAST,Tokyo Plast International Limited
INE932X01026,SHAREINDIA,Share India Securities Limited
INE933A01014,LYKALABS,Lyka Labs Limited
INE933B01012,SIGMAADV,SIGMA ADVANCED SYSTEMS LIMITED
INE933K01021,BAJAJCON,Bajaj Consumer Care Limited
INE933S01016,INDIAMART,Indiamart Intermesh Limited
INE933X01016,SHANTI,Shanti Overseas (India) Limited
INE934C01018,DRAGARWQ,Dr Agarwals Eye Hospital Limited
INE934S01014,GNA,GNA Axles Limited
INE935A01035,GLENMARK,Glenmark Pharmaceuticals Limited
INE935B01025,MOSCHIP,Moschip Technologies Limited
INE935N01020,DIXON,Dixon Technologies (India) Limited
INE936B01015,NATCAPSUQ,Natural Capsules Limited
INE937A01023,SPMLINFRA,SPML Infra Limited
INE937C01029,NILAINFRA,Nila Infrastructures Limited
INE938A01021,LCCINFOTEC,LCC Infotech Limited
INE938C01019,LAKSHMIMIL,Lakshmi Mills Company Limited
INE939A01011,STAR,Strides Pharma Science Limited
INE939X01013,MANBA,Manba Finance Limited
INE940H01022,PGIL,Pearl Global Industries Limited
INE942C01045,GUJTHEM,Gujarat Themis Biosyn Limited
INE942G01012,MCLEODRUSS,Mcleod Russel India Limited
INE943D01017,MPSLTD,MPS Limited
INE943P01029,AGARWALEYE,Dr. Agarwal's Health Care Limited
INE944F01028,RADICO,Radico Khaitan Limited
INE945F01025,DECNGOLD,Deccan Gold Mines Limited
INE945H01021,V2RETAIL,V2 Retail Limited
INE945P01024,WARDINMOBI,Wardwizard Innovations & Mobility Limited
INE946H01037,VIPULLTD,Vipul Limited
INE947A01014,SUNFLAG,Sunflag Iron And Steel Company Limited
INE947I01017,LOTUSEYE,Lotus Eye Hospital and Institute Limited
INE947J01015,DEN,Den Networks Limited
INE947N01017,AEQUS,Aequs Limited
INE947Q01028,LAURUSLABS,Laurus Labs Limited
INE947T01022,GICL,Globe International Carriers Limited
INE948A01012,TRIGYN,Trigyn Technologies Limited
INE949H01023,MANINFRA,Man Infraconstruction Limited
INE949L01017,AUBANK,AU Small Finance Bank Limited
INE949P01018,GENUSPAPER,Genus Paper & Boards Limited
INE950I01011,DBCORP,D.B.Corp Limited
INE950M01013,MONTECARLO,Monte Carlo Fashions Limited
INE951D01028,ATULAUTO,Atul Auto Limited
INE951I01027,VGUARD,V-Guard Industries Limited
INE951M01037,RRIL,RRIL Limited
INE952H01027,RAJTV,Raj Television Network Limited
INE953E01022,KSE,KSE Limited
INE953L01027,JSFB,Jana Small Finance Bank Limited
INE953O01021,SANSERA,Sansera Engineering Limited
INE953R01016,PNGJL,P N Gadgil Jewellers Limited
INE954E01012,MOHITIND,Mohit Industries Limited
INE955D01029,GENUSPOWER,Genus Power Infrastructures Limited
INE955I01044,SEJALLTD,Sejal Glass Limited
INE955V01021,ARVINDFASN,Arvind Fashions Limited
INE956G01038,WABAG,VA Tech Wabag Limited
INE956O01016,LENSKART,Lenskart Solutions Limited
INE959A01019,PRIVISCL,Privi Speciality Chemicals Limited
INE959C01023,OAL,Oriental Aromatics Limited
INE960A01017,SHILGRAVQ,Shilp Gravures Limited
INE960E01019,SHIVAAGRO,Shiva Global Agro Industries Limited
INE961D01019,UNIDT,United Drilling Tools Limited
INE961O01016,RAINBOW,Rainbow Childrens Medicare Limited
INE962C01035,EASTSILK,Eastern Silk Industries Limited
INE962Y01021,IRCON,Ircon International Limited
INE963C01033,FAZE3Q,Faze Three Limited
INE964H01014,SEPC,SEPC Limited
INE964W01021,MKPL,M K Proteins Limited
INE965B01022,HYBRIDFIN,Hybrid Financial Services Limited
INE965H01011,SITINET,Siti Networks Limited
INE965W01036,BMWVENTLTD,BMW Ventures Limited
INE966A01022,DOLATALGO,Dolat Algotech Limited
INE966H01019,ZEEMEDIA,Zee Media Corporation Limited
INE967A01012,SWARNSAR,Swarnsarita Jewels India Limited
INE967B01028,SGLRES,SGL Resources Limited
INE967C01018,KAMATHOTEL,Kamat Hotels (I) Limited
INE967G01019,ZSARACOM,Saraswati Commercial India Limited
INE967H01025,KIMS,Krishna Institute of Medical Sciences Limited
INE968D01022,ARSHIYA,Arshiya Limited
INE970D01010,LOYALTEX,Loyal Textile Mills Limited
INE970N01027,SPCENET,Spacenet Enterprises India Limited
INE970X01018,LEMONTREE,Lemon Tree Hotels Limited
INE972A01020,KOTIC,Kothari Industrial Corporation Limited
INE972X01022,VAISHALI,Vaishali Pharma Limited
INE973A01010,GOLDENTOBC,Golden Tobacco Limited
INE974B01016,CHEVIOT,Cheviot Company Limited
INE974X01010,TIINDIA,Tube Investments of India Limited
INE974Z01015,PRITI,Priti International Limited
INE975G01012,IL&FSTRANS,IL&FS Transportation Networks Limited
INE976A01021,WSTCSTPAPR,West Coast Paper Mills Limited
INE976E01023,FOODSIN,Foods & Inns Limited
INE976G01028,RBLBANK,RBL Bank Limited
INE976I01016,TATACAP,Tata Capital Limited
INE976R01033,AGIIL,Agi Infra Limited
INE976T01013,SAGARDEEP,Sagardeep Alloys Limited
INE977Y01011,BCONCEPTS,Brand Concepts Limited
INE978A01027,HERITGFOOD,Heritage Foods Limited
INE978G01016,SPLIL,SPL Industries Limited
INE979A01025,SAREGAMA,Saregama India Limited
INE979B01015,HAWKINCOOK,Hawkins Cookers Limited
INE979R01011,SHYAMCENT,Shyam Century Ferrous Limited
INE980O01024,JYOTICNC,Jyoti CNC Automation Limited
INE980Y01015,SOUTHWEST,South West Pinnacle Exploration Limited
INE982B01027,ADFFOODS,ADF Foods Limited
INE982F01036,HATHWAY,Hathway Cable & Datacom Limited
INE982J01020,PAYTM,One 97 Communications Limited
INE982V01025,JETFREIGHT,Jet Freight Logistics Limited
INE985A01022,SINCLAIR,Sinclairs Hotels Limited
INE985S01024,TEAMLEASE,Teamlease Services Limited
INE985W01018,CNL,Creative Newtech Limited
INE986A01012,BI,Bilcare Limited
INE987A01010,MAKERSL,Makers Laboratories Limited
INE987B01026,NATCOPHARM,Natco Pharma Limited
INE987S01020,KSHINTL,KSH International Limited
INE988S01028,PARKHOTELS,Apeejay Surrendra Park Hotels Limited
INE989A01032,SANGHVIMOV,Sanghvi Movers Limited
INE989C01038,DIACABS,Diamond Power Infrastructure Limited
INE991I01015,ASPINWALL,Aspinwall and Company Limited
INE992I01013,STARTECK,Starteck Finance Limited
INE993A01026,MANINDS,Man Industries (India) Limited
INE994E01018,3BBLACKBIO,3B Blackbio Dx Limited
INE995D01025,CHEMBOND,Chembond Material Technologies Limited
INE995S01015,NIVABUPA,Niva Bupa Health Insurance Company Limited
INE997I01012,SHRIKRISH,Shri Krishna Devcon Limited
INE997Y01027,MITTAL,Mittal Life Style Limited
INE998H01012,ORIENTALTL,Oriental Trimex Limited
INE998I01010,MHRIL,Mahindra Holidays & Resorts India Limited
INE999A01023,KSB,Ksb Limited
INE999K01014,GREENPOWER,Orient Green Power Company Limited
INF082J01408,QGOLDHALF,Quantum Gold ETF
INF082J01499,QNIFTY,QuantumNiftyETF
INF0QA701714,BANKBETF,BFAM-BANKBETF
INF0QA701722,NIFTYBETF,BFAM-NIFTYBETF
INF0QA701854,LIQUIDBETF,BFAM-LIQUIDBETF
INF0QA701CI0,BANK10BETF,BFAM - BANK10BETF
INF0R8F01034,LIQUIDCASE,ZERODHAAMC-LIQUIDCASE
INF0R8F01042,GOLDCASE,ZERODHAAMC-GOLDCASE
INF0R8F01059,MID150CASE,ZERODHAAMC-MID150CASE
INF0R8F01067,TOP100CASE,ZERODHAAMC-TOP100CASE
INF0R8F01091,SILVERCASE,ZERODHAAMC - SILVERCASE
INF0R8F01133,LTGILTCASE,ZERODHAAMC - LTGILTCASE
INF0R8F01141,SML100CASE,ZERODHAAMC - SML100CASE
INF0R8F01166,NIFTYCASE,ZERODHAAMC - NIFTYCASE
INF109K012R6,NIFTYIETF,ICICIPruNiftyETF
INF109K1A021,CASHIETF,ICICIPRAMC - CASHIETF
INF109K1A153,EVIETF,ICICIPRAMC - EVIETF
INF109K1A344,TOP15IETF,ICICIPRAMC - TOP15IETF
INF109K1A476,SMALLIETF,ICICIPRAMC - SMALLIETF
INF109K1A567,INSUREIETF,ICICIPRAMC - INSUREIETF
INF109KB15Y7,ICICIB22,ICICIPRAMC-BHARATIWIN
INF109KC10S8,PSUBNKIETF,ICICIPRAMC-PSUBANKICI
INF109KC10V2,AUTOIETF,ICICIPRAMC-ICICIAUTO
INF109KC10W0,MIDSELIETF,ICICIPruMidcapSelETF
INF109KC11V0,NV20IETF,ICICIPruNV20ETF
INF109KC11W8,MIDCAPIETF,ICICIPRAMC-ICICIM150
INF109KC14A8,GSEC5IETF,ICICIPRAMC-ICICI5GSEC
INF109KC15I8,BANKIETF,ICICIPRAMC-IPRU5008
INF109KC16E5,INFRAIETF,ICICIPRAMC-ICICIINFRA
INF109KC16I6,ITIETF,ICICIPRAMC-ICICITECH
INF109KC16V9,NIF100IETF,ICICIPruNifty100ETF
INF109KC16X5,VAL30IETF,ICICIPRAMC - VAL30IETF
INF109KC17C7,MOM30IETF,ICICIPRAMC-ICICIMOM30
INF109KC17L8,FINIETF,ICICIPRAMC-ICICIFIN
INF109KC17V7,ALPL30IETF,ICICIPRAMC-ICICIALPLV
INF109KC18O0,GSEC10IETF,ICICIPRAMC-ICICI10GS
INF109KC18U7,PVTBANIETF,ICICIPRAMC-ICICIBANKP
INF109KC18V5,QUAL30IETF,ICICIPRAMC-ICICIQTY30
INF109KC18W3,OILIETF,ICICIPRAMC - OILIETF
INF109KC19O8,COMMOIETF,ICICIPRAMC-ICICICOMMO
INF109KC19U5,LOWVOLIETF,ICICIPruNiftyLowvol30
INF109KC19V3,FMCGIETF,ICICIPRAMC-ICICIFMCG
INF109KC19W1,METALIETF,ICICIPRAMC - METALIETF
INF109KC1KT9,LIQUIDIETF,ICICIPRAMC-ICICILIQ
INF109KC1NS5,NEXT50IETF,ICICIPRAMC-ICICINXT50
INF109KC1NT3,GOLDIETF,ICICIPrudGoldETF
INF109KC1Q72,HEALTHIETF,ICICIPRAMC-ICICIPHARM
INF109KC1V42,CONSUMIETF,ICICIPRAMC-ICICICONSU
INF109KC1V59,BSE500IETF,ICICIPRAMC-ICICI500
INF109KC1Y56,SILVERIETF,ICICIPRAMC-ICICISILVE
INF174K014P6,NIFTY1,KotakNiftyETF
INF174KA1A86,PSUBANK,KotakMahindraMutualFun
INF174KA1A94,PVTBANK,KOTAKMAMC - PVTBANK
INF174KA1GC5,IT,KOTAKMAMC-KOTAKIT
INF174KA1HJ8,GOLD1,KotakMutualFund-Gold
INF174KA1IA5,ALPHA,KOTAKMAMC-KOTAKALPHA
INF174KA1IY5,LOWVOL1,KOTAKMAMC-KOTAKLOVOL
INF174KA1JF2,MNC,KOTAKMAMC-KOTAKMNC
INF174KA1LV5,LIQUID1,KOTAKMAMC-KOTAKLIQ
INF174KA1UW4,NIFTY100EW,KOTAKMAMC - NIFTY100EW
INF174KA1VD2,MSCIINDIA,KOTAKMAMC - MSCIINDIA
INF174KA1VW2,MID150,KOTAKMAMC - MID150
INF174KA1WT6,QUALITY30,KOTAKMAMC - QUALITY30
INF174KA1XS6,MOMENTUM30,KOTAKMAMC - MOMENTUM30
INF174KA1XV0,CHEMICAL,KOTAKMAMC - CHEMICAL
INF174KA1YO3,NEXT50ETF,KOTAKMAMC - NEXT50ETF
INF174KA1ZB7,BANKNIFTY1,KOTAKMAMC-KOTAKBKETF
INF174KA1ZC5,MIDCAP,KOTAKMAMC-KOTAKMID50
INF174KA1ZD3,SILVER1,KOTAKMAMC-KOTAKSILVE
INF174KA1ZE1,NV20,KOTAKMAMC-KTKNV20ETF
INF174KA1ZF8,CONS,KOTAKMAMC-KOTAKCONS
INF179KC1965,HDFCNIFTY,HDFCAMC-HDFCNIFTY
INF179KC1981,HDFCGOLD,HDFCGoldETF
INF179KC1DI2,HDFCSILVER,HDFCAMC-HDFCSILVER
INF179KC1DJ0,HDFCGROWTH,HDFCAMC-HDFCGROWTH
INF179KC1DK8,HDFCVALUE,HDFCAMC-HDFCVALUE
INF179KC1DL6,HDFCQUAL,HDFCAMC-HDFCQUAL
INF179KC1EZ4,HDFCBSE500,HDFCAMC-HDFCBSE500
INF179KC1FB2,HDFCSML250,HDFCAMC-HDFCSML250
INF179KC1HR4,HDFCNIF100,HDFCAMC-HDFCNIF100
INF179KC1HS2,HDFCNEXT50,HDFCAMC-HDFCNEXT50
INF179KC1HT0,HDFCMID150,HDFCAMC-HDFCMID150
INF179KC1HU8,HDFCLOWVOL,HDFCAMC-HDFCLOWVOL
INF179KC1HV6,HDFCMOMENT,HDFCAMC-HDFCMOMENT
INF179KC1HW4,HDFCPSUBK,HDFCAMCHDFCPSUBK
INF179KC1HX2,HDFCSENSEX,HDFCAMC-HDFCSENSEX
INF179KC1HY0,HDFCNIFBAN,HDFCAMC-HDFCNIFBAN
INF179KC1HZ7,HDFCPVTBAN,HDFCAMC-HDFCPVTBAN
INF179KC1IA8,HDFCNIFIT,HDFCAMC-HDFCNIFIT
INF179KC1JG3,HDFCLIQUID,HDFCAMC-HDFCLIQUID
INF179KC1KT4,HDFCNIMEG,HDFCAMC - HDFCNIMEG
INF194KA1U07,IDFNIFTYET,BANDHANAMC-IDFNIFTYET
INF194KB1KI9,SILVERBND,BANDHANAMC - SILVERBND
INF194KB1KJ7,GOLDBND,BANDHANAMC - GOLDBND
INF1J2R01015,AONETOTAL,AONEAMC - AONETOTAL
INF1J2R01056,AONELIQUID,AONEAMC - AONELIQUID
INF1J2R01064,AONENIFTY,AONEAMC - AONENIFTY
INF1J2R01114,AONEGOLD,AONEAMC - AONEGOLD
INF1J2R01148,AONETMMQ50,AONEAMC - AONETMMQ50
INF1J2R01171,AONESILVER,AONEAMC - AONESILVER
INF200KA13Z8,LIQUIDSBI,SBIAMC-LIQUIDSBI
INF200KA1580,SETFNIFBK,SBI-ETFNiftyBank
INF200KA1598,SETFNN50,SBI-ETFNiftyNext50
INF200KA16D8,SETFGOLD,SBI-ETFGold
INF200KA1FS1,SETFNIF50,SBI-ETFNifty50
INF200KA1JT1,SETF10GILT,SBIAMC-SETF10GILT
INF200KA1S14,SBIETFIT,SBIAMC-SBIETFIT
INF200KA1S22,SBIETFPB,SBIAMC-SBIETFPB
INF200KA1WX6,SBIETFQLTY,SBIAMC-SBIETFQLTY
INF200KA1X17,SBIETFCON,SBIAMC-SBIETFCON
INF200KB1217,SBISILVER,SBIAMC - SBISILVER
INF200KB1282,SBINEQWETF,SBIAMC - SBINEQWETF
INF200KB1712,SBIBPB,SBIAMC - SBIBPB
INF200KB1969,SBILIQETF,SBIAMC - SBILIQETF
INF200KB1AJ0,SBIMIDMOM,SBIAMC - SBIMIDMOM
INF200KB1AK8,SBINMID150,SBIAMC - SBINMID150
INF200KB1AX1,SBIVALETF,SBIAMC - SBIVALETF
INF200KB1AY9,SBISMLETF,SBIAMC - SBISMLETF
INF204K014N5,NIF100BEES,NIPINDETFNIFTY100
INF204KA1LD7,CONSUMBEES,NIPINDETFCONSUMPTION
INF204KA1MS3,DIVOPPBEES,NIPINDETFDIVOPP
INF204KB14I2,NIFTYBEES,NIPINDETFNIFTYBEES
INF204KB15I9,BANKBEES,NIPINDETFBANKBEES
INF204KB15V2,ITBEES,NIPINDETFIT
INF204KB16I7,PSUBNKBEES,NIPINDETFPSUBANKBEES
INF204KB17I5,GOLDBEES,NIPINDETFGOLDBEES
INF204KB1882,LTGILTBEES,NIPINDETFLONGTERMGILT
INF204KB18I3,NV20BEES,NIPINDETFETFNV20
INF204KB19I1,HNGSNGBEES,NIPINDETFHANGSENGBEES
INF204KB1V68,MID150BEES,NIPINDETFMIDCAP150
INF204KC1030,GILT5YBEES,RELCAPAMC-NETFGILT5Y
INF204KC1089,PHARMABEES,NIPPONAMC-NETFPHARMA
INF204KC1337,AUTOBEES,NIPPONAMC-NETFAUTO
INF204KC1402,SILVERBEES,NIPPONAMC-SILVERBEES
INF204KC1EZ3,SNXT30BEES,NIPPONAMC - SNXT30BEES
INF204KC1FU1,LIQGRWBEES,NIPPONAMC - LIQGRWBEES
INF204KC1GH6,MANUFGBEES,NIPPONAMC - MANUFGBEES
INF205KA1BP1,IVZINGOLD,InvescoIndiaGoldETF
INF205KA1CA1,IVZSENSEX,RELIGARAMC - IVZSENSEX
INF205KA1CB9,IVZBANKNF,RELIGARAMC - IVZBANKNF
INF205KA1CC7,IVZINNIFTY,InvescoMF-NiftyETF
INF209KB10C2,HEALTHY,BIRLASLAMC-HEALTHY
INF209KB10E8,BSLSENETFG,BIRLASLAMC-BSLSENETFG
INF209KB11D8,TECH,BIRLASLAMC-TECH
INF209KB14K7,MOMENTUM,BIRLASLAMC-MOMENTUM
INF209KB15K4,NIFTYQLITY,BIRLASLAMC-NIFTYQLITY
INF209KB16D7,ABSLNN50ET,BIRLASLAMC-ABSLNN50ET
INF209KB17D5,ABSLBANETF,BIRLASLAMC-ABSLBANETF
INF209KB18D3,BSLGOLDETF,ABSLGoldETF-GO
INF209KB18T9,ABSLLIQUID,BIRLASLAMC-ABSLLIQUID
INF209KB19D1,BSLNIFTY,ABSLNiftyETF-GO
INF209KB19F6,SILVER,BIRLASLAMC-SILVER
INF209KB19Z4,ABSLPSE,BIRLASLAMC-ABSLPSE
INF209KC1134,ABGSEC,BIRLASLAMC - ABGSEC
INF209KC1142,GSEC10ABSL,BIRLASLAMC - GSEC10ABSL
INF209KC1662,ABSLMSCIN,BIRLASLAMC - ABSLMSCIN
INF209KC1670,ABSL10BANK,BIRLASLAMC - ABSL10BANK
INF22M001184,NIFTYJBLK,JIOBLACKROCKAMC-NIFTYJBLK
INF247L01023,MOM100,MotilalOsMidcap100ETF
INF247L01536,MOM50,MotilalOswalM50ETF
INF247L01AK4,MOGSEC,MOTILALAMC-G5
INF247L01AP3,MON100,MotilalOsNASDAQ100ETF
INF247L01AU3,MONQ50,MOTILALAMC-MONQ50
INF247L01BB1,MOHEALTH,MOTILALAMC-MOHEALTH
INF247L01BE5,MOVALUE,MOTILALAMC-MOVALUE
INF247L01BH8,MOQUALITY,MOTILALAMC-MOQUALITY
INF247L01BK2,MOMOMENTUM,MOTILALAMC-MOMOMENTUM
INF247L01BL0,MOLOWVOL,MOTILALAMC-MOLOWVOL
INF247L01BU1,MONIFTY500,MOTILALAMC-MONIFTY500
INF247L01CH6,MOSMALL250,MOTILALAMC-MOSMALL250
INF247L01CI4,MOREALTY,MOTILALAMC-MOREALTY
INF247L01DJ0,MODEFENCE,MOTILALAMC - MODEFENCE
INF247L01DK8,MOMENTUM50,MOTILALAMC - MOMENTUM50
INF247L01EV3,MOCAPITAL,MOTILALAMC - MOCAPITAL
INF247L01FC0,MON50EQUAL,MOTILALAMC - MON50EQUAL
INF247L01FD8,MONEXT50,MOTILALAMC - MONEXT50
INF247L01FK3,MOMGF,MOTILALAMC - MOMGF
INF247L01FL1,MOINFRA,MOTILALAMC - MOINFRA
INF247L01FO5,MOPSE,MOTILALAMC - MOPSE
INF247L01FP2,MOTOUR,MOTILALAMC - MOTOUR
INF247L01FQ0,MOMIDMTM,MOTILALAMC - MOMIDMTM
INF247L01FR8,MOALPHA50,MOTILALAMC - MOALPHA50
INF247L01FY4,MOGOLD,MOTILALAMC - MOGOLD
INF247L01FZ1,MOSILVER,MOTILALAMC - MOSILVER
INF247L01GG9,MONIFTY100,MOTILALAMC - MONIFTY100
INF247L01GH7,MOENERGY,MOTILALAMC - MOENERGY
INF247L01GI5,MOIPO,MOTILALAMC - MOIPO
INF247L01GJ3,MOSERVICE,MOTILALAMC - MOSERVICE
INF247L01GK1,MOMNC,MOTILALAMC - MOMNC
INF247L01GV8,MOBANK10,MOTILALAMC - MOBANK10
INF247L01HG7,MOMETAL,MOTILALAMC - MOMETAL
INF247L01HH5,MOOILGAS,MOTILALAMC - MOOILGAS
INF251K01SU9,BBNPPGOLD,BARODABNP-BBNPPGOLD
INF251K01TL6,BBNPNBETF,BARODABNP - BBNPNBETF
INF277K010X4,NPBET,TATAAML-NPBET
INF277K015R5,NETF,TATAAML-NETF
INF277KA1364,TNIDETF,TATAAML-TNIDETF
INF277KA1976,TATAGOLD,TATAAML-TATAGOLD
INF277KA1984,TATSILV,TATAAML-TATSILV
INF2F0001370,TWCGOLDETF,WEALTH - TWCGOLDETF
INF2KCX01012,CHOICEGOLD,ChoiceAMC - CHOICEGOLD
INF336L01RX2,HSBCGOLD,HSBCAMC - HSBCGOLD
INF346A01034,SENSEXIETF,ICICIPruSensexETF
INF457M01133,CPSEETF,CPSEETF
INF579M01BB5,GOLD360,360ONEAMC - GOLD360
INF579M01BC3,SILVER360,360ONEAMC - SILVER360
INF579M01BP5,MSCI360,360ONEAMC - MSCI360
INF582M01KS4,UNIONGOLD,UNIONAMC - UNIONGOLD
INF666M01IH2,GROWWEV,GROWWAMC - GROWWEV
INF666M01IO8,GROWWDEFNC,GROWWAMC - GROWWDEFNC
INF666M01IP5,GROWWLIQID,GROWWAMC - GROWWLIQID
INF666M01JJ6,GROWWRAIL,GROWWAMC - GROWWRAIL
INF666M01JV1,GROWWN200,GROWWAMC - GROWWN200
INF666M01KJ4,GROWWMOM50,GROWWAMC - GROWWMOM50
INF666M01LB9,GROWWLOVOL,GROWWAMC - GROWWLOVOL
INF666M01LI4,GROWWNET,GROWWAMC - GROWWNET
INF666M01LL8,GROWWNIFTY,GROWWAMC - GROWWNIFTY
INF666M01LM6,GROWWPOWER,GROWWAMC - GROWWPOWER
INF666M01LZ8,GROWWNXT50,GROWWAMC - GROWWNXT50
INF666M01MM4,GROWWCAPM,GROWWAMC - GROWWCAPM
INF666M01MN2,GROWWRLTY,GROWWAMC - GROWWRLTY
INF666M01MO0,GROWWSC250,GROWWAMC - GROWWSC250
INF666M01MV5,GROWWMC150,GROWWAMC - GROWWMC150
INF666M01NI0,GROWWMETAL,GROWWAMC - GROWWMETAL
INF666M01NP5,GROWWCHEM,GROWWAMC - GROWWCHEM
INF666M01NQ3,GROWWPSE,GROWWAMC - GROWWPSE
INF666M01OD9,GROWWHOSPI,GROWWAMC - GROWWHOSPI
INF666M01OE7,GROWWGOLD,GROWWAMC - GROWWGOLD
INF666M01OF4,GROWWSLVR,GROWWAMC - GROWWSLVR
INF666M01OG2,GROWWPSUBK,GROWWAMC - GROWWPSUBK
INF666M01OT5,PVTBKGROWW,GROWWAMC - PVTBKGROWW
INF666M01PG9,SMALLGROWW,GROWWAMC - SMALLGROWW
INF666M01PH7,CEMNTGROWW,GROWWAMC - CEMNTGROWW
INF680P01422,LIQUIDSHRI,SHRIRAM - LIQUIDSHRI
INF732E01037,LIQUIDBEES,NIPINDETFLIQUIDBEES
INF732E01045,JUNIORBEES,NIP IND ETF JUNIOR BEES
INF732E01128,SHARIABEES,NIPINDETFSHARIAHBEES
INF732E01268,INFRABEES,NIPINDETFINFRABEES
INF740KA1CL0,NIFTYADD,DSPAMC - DSPNIFTY
INF740KA1EU7,LIQUIDETF,DSPAMC-LIQUIDETF
INF740KA1QK2,EQUAL50ADD,DSPAMC-DSPNEWETF
INF740KA1RX3,BANKADD,DSPAMC-DSPBANK
INF740KA1SX1,ITADD,DSPAMC - DSPIT
INF740KA1SY9,PSUBANKADD,DSPAMC-DSPPSBKETF
INF740KA1SZ6,SENSEXADD,DSPAMC-DSPSENXETF
INF740KA1TA7,PVTBANKADD,DSPAMC-DSPPVBKETF
INF740KA1UM0,LIQUIDADD,DSPAMC-LIQUIDADD
INF740KA1UR9,TOP10ADD,DSPAMC - TOP10ADD
INF740KA1VE5,NEXT30ADD,DSPAMC - NEXT30ADD
INF740KA1WU9,FLEXIADD,DSPAMC - FLEXIADD
INF740KA1WV7,MSCIADD,DSPAMC - MSCIADD
INF740KA1WW5,MIDCAPADD,DSPAMC - MIDCAPADD
INF740KA1WX3,SMALLADD,DSPAMC - SMALLADD
INF740KA1XU7,NEXT50ADD,DSPAMC - NEXT50ADD
INF740KA1YH2,BANK10ADD,DSPAMC - BANK10ADD
INF740KA1ZA4,FMCGADD,DSPAMC - FMCGADD
INF740KA1ZF3,MIDQ50ADD,DSPAMC-DSPQ50ETF
INF740KA1ZG1,HEALTHADD,DSPAMC-HEALTHADD
INF740KA1ZH9,MIDBANKADD,DSPAMC - MIDBANKADD
INF740KA1ZI7,GSEC10ADD,DSPAMC - GSEC10ADD
INF740KA1ZP2,GOLDADD,DSPAMC - DSPGOLD
INF740KA1ZQ0,SILVERADD,DSPAMC-DSPSILVETF
INF754K01KO2,EBBETF0430,EDELAMC-EBBETF0430
INF754K01LE1,EBBETF0431,EDELAMC-EBBETF0431
INF754K01OB1,BBETF0432,EDELAMC-BBETF0432
INF754K01QX0,EBBETF0433,EDELAMC-EBBETF0433
INF754K01SE6,EGOLD,EDELAMC-EGOLD
INF754K01SF3,ESILVER,EDELAMC-Esilver
INF754K01TE4,EBANKNIFTY,EDELAMC - EBANKNIFTY
INF754K01TF1,EMULTIMQ,EDELAMC - EMULTIMQ
INF754K01TX4,ECAPINSURE,EDELAMC - ECAPINSURE
INF754K01VV4,ELM250,EDELAMC - ELM250
INF754K01VW2,ELIQUID,EDELAMC - ELIQUID
INF754K01VX0,ENIFTY,EDELAMC - ENIFTY
INF754K01VY8,ESENSEX,EDELAMC - ESENSEX
INF754K01XF3,ENEXT50,EDELAMC - ENEXT50
INF754K01XG1,EMETAL,EDELAMC - EMETAL
INF754K01XH9,EBANK10,EDELAMC - EBANK10
INF754K01XI7,ELMDIV,EDELAMC - ELMDIV
INF767K01MV5,LICNETFGSC,LICNAMC-LICNMFET
INF767K01OS7,LICNETFN50,LICNAMC-LICNFENGP
INF767K01OT5,LICNETFSEN,LICNAMC-LICNFESGP
INF767K01PC8,LICNFNHGP,LICNAMC-LICNFNHGP
INF767K01RN1,LICNMID100,LICNAMC-LICNMID100
INF767K01SM1,LICMFGOLD,LICMF LICGoldETF
INF769K01EG9,NIFTYETF,MIRAEAMC-MAN50ETF
INF769K01FN2,NEXT50,MIRAEAMC-MANXT50
INF769K01GS9,ESG,MIRAEAMC-MAESGETF
INF769K01HF4,MAFANG,MIRAEAMC-MAFANG
INF769K01HI8,BFSI,MIRAEAMC-MAFSETF
INF769K01HP3,MASPTOP50,MIRAEAMC-MASPTOP50
INF769K01HS7,MAHKTECH,MIRAEAMC-MAHKTECH
INF769K01IB1,MAKEINDIA,MIRAEAMC-MAMFGETF
INF769K01IC9,MIDCAPETF,MIRAEAMC-MAM150ETF
INF769K01JP9,GOLDETF,MIRAEAMC-MAGOLDETF
INF769K01JU9,LOWVOL,MIRAEAMC-MANV30F
INF769K01KF8,GSEC10YEAR,MIRAEAMC-MAGS813ETF
INF769K01KG6,SILVERAG,MIRAEAMC-MASILVER
INF769K01KR3,BANKETF,MIRAEAMC-BANKETF
INF769K01KS1,LIQUID,MIRAEAMC-LIQUID
INF769K01KT9,SENSEXETF,MIRAEAMC-SENSEXETF
INF769K01KU7,ALPHAETF,MIRAEAMC-ALPHAETF
INF769K01KV5,ITETF,MIRAEAMC-ITETF
INF769K01LC3,SMALLCAP,MIRAEAMC-SMALLCAP
INF769K01LJ8,MIDSMALL,MIRAEAMC-MIDSMALL
INF769K01LQ3,EVINDIA,MIRAEAMC - EVINDIA
INF769K01LX9,MULTICAP,MIRAEAMC - MULTICAP
INF769K01LY7,METAL,MIRAEAMC - METAL
INF769K01LZ4,BANKPSU,MIRAEAMC - BANKPSU
INF769K01MY5,LIQUIDPLUS,MIRAEAMC - LIQUIDPLUS
INF769K01NS5,CONSUMER,MIRAEAMC - CONSUMER
INF769K01OA1,EQUAL200,MIRAEAMC - EQUAL200
INF769K01ON4,SELECTIPO,MIRAEAMC - SELECTIPO
INF769K01OO2,EQUAL50,MIRAEAMC - EQUAL50
INF769K01PB6,INTERNET,MIRAEAMC - INTERNET
INF769K01PQ4,SMALL250,MIRAEAMC - SMALL250
INF769K01PR2,ENERGY,MIRAEAMC - ENERGY
INF769K01PY8,DIVIDEND,MIRAEAMC - DIVIDEND
INF769K01PZ5,TOP20,MIRAEAMC - TOP20
INF769K01QA6,HEALTHCARE,MIRAEAMC - HEALTHCARE
INF769K01QB4,INFRA,MIRAEAMC - INFRA
INF769K01QC2,DEFENCE,MIRAEAMC - DEFENCE
INF769K01QV2,VALUE,MIRAEAMC - VALUE
INF769K01RC0,MOMMIDCAP,MIRAEAMC - MOMMIDCAP
INF769K01RJ5,HYBRIDETF,MIRAEAMC - HYBRIDETF
INF769K01RK3,LARGEMID50,MIRAEAMC - LARGEMID50
INF789F1AG68,LIQUIDBETA,UTIAMC - LIQUIDBETA
INF789F1AG76,NIF500BETA,UTIAMC - NIF500BETA
INF789F1AH42,SECLEDBETA,UTIAMC - SECLEDBETA
INF789F1AUU3,SNXT50BETA,UTIAMC-SNXT50BETA
INF789F1AUV1,BANKBETA,UTIAMC-BANKBETA
INF789F1AUW9,NEXT50BETA,UTIAMC -NEXT50BETA
INF789F1AUX7,GOLDBETA,UTIAMC -UTIGOLDBETA
INF789F1AYK6,SILVERBETA,UTIAMC-SILVERBETA
INF789F1AYX9,MIDCAPBETA,UTIAMC-MIDCAPBETA
INF789F1AZC0,NIFTYBETA,UTIAMC-NIFTYBETA
INF789F1AZD8,ITBETA,UTIAMC -ITBETA
INF789F1AZE6,GILT5BETA,UTIAMC-GILT5BETA
INF789F1AZF3,GILT10BETA,UTIAMC-GILT10BETA
INF789FB1X58,SENSEXBETA,UTIAMC-SENSEXBETA
INF846K010Q0,SENSEXAXIS,AXISAMC-SENSEXAXIS
INF846K011K1,SILVERAXIS,AXISAMC-SILVERAXIS
INF846K016C7,CONSUMAXIS,AXISAMC-CONSUMAXIS
INF846K01W80,GOLDAXIS,AXISAMC-GOLDAXIS
INF846K01W98,NIFTYAXIS,AXISAMC-NIFTYAXIS
INF846K01X63,BNKETFAXIS,AXISAMC-BNKETFAXIS
INF846K01Y96,ITAXIS,AXISAMC-ITAXIS
INF846K01Z12,HEALTHAXIS,AXISAMC-HEALTHAXIS
INF846KA1119,VALUEAXIS,AXISAMC-VALUEAXIS
INF846KA1598,ENERGYAXIS,AXISAMC - ENERGYAXIS
INF966L01EI5,SILVER001,Quant_AMC - SILVER001
